,lastReportTime,p_sum,weekend,session,ae_tot,Temp(Â¢J)
0,2020-08-07 12:00:00,16949.975830065086,0,2,566442.5587272728,34.7
1,2020-08-07 13:00:00,15839.08246931925,0,3,566462.2266666668,34.5
2,2020-08-07 14:00:00,14728.189108573413,0,3,566478.6316666667,35.6
3,2020-08-07 15:00:00,13617.295747827577,0,3,566491.3333333333,35.6
4,2020-08-07 16:00:00,12506.40238708174,0,3,566501.5450000003,34.8
5,2020-08-07 17:00:00,11395.509026335903,0,3,566513.8716666666,33.0
6,2020-08-07 18:00:00,10248.980644894986,0,3,566527.125,32.4
7,2020-08-07 19:00:00,9813.239329554688,0,4,566540.6663636364,31.9
8,2020-08-07 20:00:00,10056.607273888305,0,4,566554.4583333335,31.3
9,2020-08-07 21:00:00,10965.17349645884,0,4,566568.1927272727,30.7
10,2020-08-07 22:00:00,11990.70158771624,0,4,566582.575,30.5
11,2020-08-07 23:00:00,12593.27221008412,0,4,566596.525,30.2
12,2020-08-08 00:00:00,13052.208090835204,1,1,566610.275,29.3
13,2020-08-08 01:00:00,13722.788461944416,1,0,566625.2181818183,29.5
14,2020-08-08 02:00:00,15054.233020381449,1,0,561042.7416666667,29.2
15,2020-08-08 03:00:00,16004.07501556843,1,0,566665.5700000001,28.8
16,2020-08-08 04:00:00,16484.60611417202,1,0,566683.0283333333,28.6
17,2020-08-08 05:00:00,16747.37362232566,1,0,566698.8083333332,28.3
18,2020-08-08 06:00:00,16658.703485085967,1,0,566713.8363636363,28.1
19,2020-08-08 07:00:00,16050.678314176243,1,2,566734.4099999999,29.0
20,2020-08-08 08:00:00,15221.039233716472,1,2,566756.0216666667,30.8
21,2020-08-08 09:00:00,14472.351062347612,1,2,566772.3,32.4
22,2020-08-08 10:00:00,13839.427257369936,1,2,566785.6266666666,31.7
23,2020-08-08 11:00:00,13338.161207213196,1,2,566797.8233333335,32.8
24,2020-08-08 12:00:00,12962.961813273801,1,2,566810.23,35.1
25,2020-08-08 13:00:00,11936.230590703268,1,3,566824.1383333334,34.0
26,2020-08-08 14:00:00,11064.066943890313,1,3,566839.745,32.9
27,2020-08-08 15:00:00,10616.109509198566,1,3,566854.8258181817,33.8
28,2020-08-08 16:00:00,10415.270155314902,1,3,566868.7966666665,33.3
29,2020-08-08 17:00:00,10247.927291330228,1,3,561577.4795454544,31.8
30,2020-08-08 18:00:00,10051.997861688988,1,3,566895.8316666667,31.4
31,2020-08-08 19:00:00,10219.260684128258,1,4,566911.8933333333,30.7
32,2020-08-08 20:00:00,10901.017526533498,1,4,566928.5016666666,30.2
33,2020-08-08 21:00:00,12365.088884628558,1,4,566946.1083333333,29.7
34,2020-08-08 22:00:00,14118.499180195058,1,4,566963.4066666669,29.5
35,2020-08-08 23:00:00,15181.137042562577,1,4,566979.6833333332,29.6
36,2020-08-09 00:00:00,16252.904203332842,1,1,566994.0789090911,29.4
37,2020-08-09 01:00:00,17454.06066250585,1,0,567009.0,29.2
38,2020-08-09 02:00:00,18996.820056445245,1,0,567031.2583333333,29.0
39,2020-08-09 03:00:00,20861.889960908597,1,0,567060.0866666667,28.5
40,2020-08-09 04:00:00,22417.005696635773,1,0,567084.0583333332,28.4
41,2020-08-09 05:00:00,23667.45614595657,1,0,567108.7483333333,28.1
42,2020-08-09 06:00:00,24015.117043475504,1,0,567131.1366666667,27.9
43,2020-08-09 07:00:00,23599.531444539436,1,2,567156.3393939394,28.6
44,2020-08-09 08:00:00,23323.248622589526,1,2,567182.8133333335,29.6
45,2020-08-09 09:00:00,22869.06247540338,1,2,567212.2436363635,30.7
46,2020-08-09 10:00:00,22633.98022432113,1,2,567235.2816666667,32.5
47,2020-08-09 11:00:00,21664.196528115375,1,2,567256.3537878789,32.3
48,2020-08-09 12:00:00,21047.28776824779,1,2,567270.6533333333,33.2
49,2020-08-09 13:00:00,19996.112720983703,1,3,567288.2946969697,32.9
50,2020-08-09 14:00:00,18317.779773222417,1,3,567312.3483333334,32.8
51,2020-08-09 15:00:00,18218.6602328994,1,3,567333.9516666668,31.8
52,2020-08-09 16:00:00,19690.226899566067,1,3,567350.3616666667,32.3
53,2020-08-09 17:00:00,21609.511748050914,1,3,567365.0016666666,32.2
54,2020-08-09 18:00:00,25443.475384414553,1,3,567380.8763636363,31.7
55,2020-08-09 19:00:00,32954.00775356056,1,4,567396.0503030302,31.1
56,2020-08-09 20:00:00,41456.57221637047,1,4,567412.8881818181,30.6
57,2020-08-09 21:00:00,49691.86464061289,1,4,567449.1716666665,30.3
58,2020-08-09 22:00:00,59733.79042654709,1,4,567487.6766666665,30.3
59,2020-08-09 23:00:00,69761.13793100342,1,4,567531.755,29.9
60,2020-08-10 00:00:00,80756.84025099479,0,1,567613.8766666667,27.8
61,2020-08-10 01:00:00,92802.41778750066,0,0,567730.031969697,28.9
62,2020-08-10 02:00:00,104081.06391184572,0,0,567845.1766666665,28.4
63,2020-08-10 03:00:00,114340.30936639117,0,0,567958.0545454546,28.1
64,2020-08-10 04:00:00,120269.44269972449,0,0,568079.5483333332,28.1
65,2020-08-10 05:00:00,122223.16790633608,0,0,568210.5583333332,27.7
66,2020-08-10 06:00:00,117820.35881542697,0,0,568352.6033333333,27.7
67,2020-08-10 07:00:00,111446.98223140495,0,2,568501.78,28.7
68,2020-08-10 08:00:00,105384.44283746554,0,2,568654.6383333333,31.1
69,2020-08-10 09:00:00,97287.5191460055,0,2,568787.2016666668,32.1
70,2020-08-10 10:00:00,88005.46033057848,0,2,568875.0709090908,32.6
71,2020-08-10 11:00:00,76932.00178674138,0,2,568943.3866666666,33.3
72,2020-08-10 12:00:00,64898.172549312156,0,2,568990.12,35.2
73,2020-08-10 13:00:00,52332.41086337904,0,3,563707.7116666667,34.4
74,2020-08-10 14:00:00,39623.49551682084,0,3,566202.4516666668,33.6
75,2020-08-10 15:00:00,31673.017906336077,0,3,569104.1892424242,34.1
76,2020-08-10 16:00:00,27938.44903581266,0,3,569123.5866666667,32.4
77,2020-08-10 17:00:00,25741.39676308539,0,3,569138.0283333333,29.8
78,2020-08-10 18:00:00,26276.164944903576,0,3,569153.2583333333,28.8
79,2020-08-10 19:00:00,31768.44373278236,0,4,569170.655,27.7
80,2020-08-10 20:00:00,40460.802134986225,0,4,569188.3433333335,27.2
81,2020-08-10 21:00:00,50207.644283746544,0,4,569215.9454545454,27.2
82,2020-08-10 22:00:00,60781.59070637154,0,4,569248.7383333335,27.9
83,2020-08-10 23:00:00,70739.91994380078,0,4,569288.265,27.9
84,2020-08-11 00:00:00,80788.89182257136,0,1,569368.4583333333,26.8
85,2020-08-11 01:00:00,90299.8552407549,0,0,569490.9190909092,27.3
86,2020-08-11 02:00:00,99412.72982093663,0,0,569623.1866666665,27.0
87,2020-08-11 03:00:00,106234.30075757574,0,0,569755.8733333333,27.0
88,2020-08-11 04:00:00,111806.37121212119,0,0,569881.6250000001,26.9
89,2020-08-11 05:00:00,113366.76363636363,0,0,570007.2613636365,27.1
90,2020-08-11 06:00:00,108765.92988980713,0,0,570120.7036363635,27.2
91,2020-08-11 07:00:00,99792.70330578511,0,2,570233.3550000001,28.2
92,2020-08-11 08:00:00,90299.16542699724,0,2,570347.5616666668,30.2
93,2020-08-11 09:00:00,80769.21088154268,0,2,570449.2866666667,32.0
94,2020-08-11 10:00:00,71681.9932506887,0,2,570531.4383333332,32.4
95,2020-08-11 11:00:00,62017.57245179062,0,2,570592.801060606,32.3
96,2020-08-11 12:00:00,52625.40654632448,0,2,570633.9866666666,34.6
97,2020-08-11 13:00:00,43151.61451355661,0,3,570663.2966666665,30.8
98,2020-08-11 14:00:00,34162.19068798027,0,3,570689.545,26.5
99,2020-08-11 15:00:00,27586.334090909088,0,3,570711.9418181818,26.3
100,2020-08-11 16:00:00,24969.587121212116,0,3,570729.7416666668,26.7
101,2020-08-11 17:00:00,23509.24511019284,0,3,570744.2783333333,26.9
102,2020-08-11 18:00:00,25962.67086776859,0,3,570757.6183333334,26.9
103,2020-08-11 19:00:00,32926.84428374655,0,4,570771.3366666667,27.0
104,2020-08-11 20:00:00,44135.138498622575,0,4,570786.1133333333,27.0
105,2020-08-11 21:00:00,54215.89855371899,0,4,570821.5650000001,27.1
106,2020-08-11 22:00:00,63927.40612947656,0,4,570860.9983333333,27.1
107,2020-08-11 23:00:00,72440.95881180222,0,4,570906.4816666667,27.0
108,2020-08-12 00:00:00,85803.53569305493,0,1,570982.7672727272,28.0
109,2020-08-12 01:00:00,98999.94560678554,0,0,571110.0763636364,26.6
110,2020-08-12 02:00:00,109590.26432506886,0,0,571251.6716666669,26.4
111,2020-08-12 03:00:00,116949.04848484846,0,0,571382.6183333334,26.5
112,2020-08-12 04:00:00,123521.376584022,0,0,571497.175,26.1
113,2020-08-12 05:00:00,126364.56253443522,0,0,571628.3433333333,26.0
114,2020-08-12 06:00:00,121121.50881542698,0,0,571791.5577272726,26.3
115,2020-08-12 07:00:00,110362.5100550964,0,2,571939.8066666665,27.3
116,2020-08-12 08:00:00,99954.98013085398,0,2,572071.0242424242,30.3
117,2020-08-12 09:00:00,89965.2802571166,0,2,572183.3412121213,32.5
118,2020-08-12 10:00:00,81462.18581267216,0,2,572283.4412121212,33.0
119,2020-08-12 11:00:00,68027.16115702479,0,2,572350.0666666668,34.9
120,2020-08-12 12:00:00,54800.94293425656,0,2,572386.2899999999,33.8
121,2020-08-12 13:00:00,43262.48466870557,0,3,572410.9149999999,36.4
122,2020-08-12 14:00:00,33285.76793474339,0,3,572425.275,36.4
123,2020-08-12 15:00:00,25212.9553052353,0,3,572438.75,29.2
124,2020-08-12 16:00:00,20357.3814760342,0,3,572451.3027272726,28.1
125,2020-08-12 17:00:00,19401.330787328963,0,3,572463.0886363636,28.8
126,2020-08-12 18:00:00,21370.08698567607,0,3,572474.4561818183,28.8
127,2020-08-12 19:00:00,28893.556303857884,0,4,572486.5249999998,29.0
128,2020-08-12 20:00:00,41299.11829880738,0,4,572501.465,29.3
129,2020-08-12 21:00:00,53644.77348705348,0,4,572534.2166666666,28.7
130,2020-08-12 22:00:00,66163.90227493226,0,4,572569.3301515151,28.8
131,2020-08-12 23:00:00,76923.2634729071,0,4,572611.0892424242,28.3
132,2020-08-13 00:00:00,90465.17779906414,0,1,572685.1816666668,27.8
133,2020-08-13 01:00:00,102915.25582779216,0,0,572815.1783333332,28.0
134,2020-08-13 02:00:00,113609.12493112945,0,0,572967.2492424243,27.7
135,2020-08-13 03:00:00,122141.95977961429,0,0,573112.177121212,27.3
136,2020-08-13 04:00:00,129566.42258953166,0,0,573243.8356060606,27.0
137,2020-08-13 05:00:00,131895.07561983468,0,0,570497.3883333334,26.8
138,2020-08-13 06:00:00,130057.30468319556,0,0,573545.1916666668,26.7
139,2020-08-13 07:00:00,121666.66969696968,0,2,573691.2631818182,27.7
140,2020-08-13 08:00:00,111249.63016528924,0,2,573829.1833333332,30.0
141,2020-08-13 09:00:00,99598.14724517903,0,2,573956.8133333335,32.9
142,2020-08-13 10:00:00,89803.02019283746,0,2,574054.7449999999,34.6
143,2020-08-13 11:00:00,76588.46764550729,0,2,574132.7478787878,35.7
144,2020-08-13 12:00:00,64082.69663677391,0,2,574199.2631818181,33.9
145,2020-08-13 13:00:00,52465.52704237735,0,3,574247.5449999999,36.5
146,2020-08-13 14:00:00,41853.57333391945,0,3,574273.0766666664,36.2
147,2020-08-13 15:00:00,32966.18678778286,0,3,574295.0974242424,30.3
148,2020-08-13 16:00:00,28718.469983375155,0,3,574313.5516666665,31.8
149,2020-08-13 17:00:00,23977.359101832455,0,3,565035.4948484849,31.5
150,2020-08-13 18:00:00,22675.322118361382,0,3,574343.6683333332,28.4
151,2020-08-13 19:00:00,28846.023633512894,0,4,574361.405,28.0
152,2020-08-13 20:00:00,38699.67060320986,0,4,574380.2581818182,27.5
153,2020-08-13 21:00:00,49321.507986129975,0,4,574406.7150000001,27.3
154,2020-08-13 22:00:00,59940.11053346014,0,4,574436.0499999999,27.3
155,2020-08-13 23:00:00,69529.96790582986,0,4,574468.5216666667,27.4
156,2020-08-14 00:00:00,80933.59356083251,0,1,574538.8983333334,27.6
157,2020-08-14 01:00:00,92480.79988637028,0,0,574662.5316666666,27.6
158,2020-08-14 02:00:00,104133.46673553718,0,0,574797.4066666666,26.8
159,2020-08-14 03:00:00,114158.0500688705,0,0,574939.3349999997,26.4
160,2020-08-14 04:00:00,121064.83188705232,0,0,575060.6166666666,26.5
161,2020-08-14 05:00:00,122158.42355371898,0,0,575185.4290909091,26.2
162,2020-08-14 06:00:00,116430.52052341597,0,0,575317.7783333334,26.0
163,2020-08-14 07:00:00,106701.16143250687,0,2,575458.6066666667,26.9
164,2020-08-14 08:00:00,95026.34251311782,0,2,575609.0383333333,29.4
165,2020-08-14 09:00:00,83952.10386252188,0,2,575735.54,31.4
166,2020-08-14 10:00:00,74298.11525705626,0,2,575810.3266666668,33.0
167,2020-08-14 11:00:00,62914.77408336709,0,2,575859.095,34.5
168,2020-08-14 12:00:00,51011.57565825879,0,2,575889.7516666667,34.9
169,2020-08-14 13:00:00,38494.50579440355,0,3,575907.0583333332,36.3
170,2020-08-14 14:00:00,26807.43914744873,0,3,575922.3527272728,33.6
171,2020-08-14 15:00:00,18441.848444667066,0,3,575940.1883333332,35.4
172,2020-08-14 16:00:00,14334.673079997947,0,3,575960.6666666667,32.8
173,2020-08-14 17:00:00,11603.163053441378,0,3,575981.5816666664,32.3
174,2020-08-14 18:00:00,10493.181378805324,0,3,576001.7366666667,27.4
175,2020-08-14 19:00:00,10479.55321617619,0,4,576022.2050000001,27.4
176,2020-08-14 20:00:00,10871.548763547355,0,4,576042.4733333334,27.5
177,2020-08-14 21:00:00,11183.927686627629,0,4,576063.8974242422,27.7
178,2020-08-14 22:00:00,11612.26630400501,0,4,576085.835,27.7
179,2020-08-14 23:00:00,12227.813651492172,0,4,576106.491090909,28.2
180,2020-08-15 00:00:00,13303.699201621932,1,1,576124.3450000001,28.1
181,2020-08-15 01:00:00,14262.721884744886,1,0,576138.8316666668,27.1
182,2020-08-15 02:00:00,15198.390984398502,1,0,576154.3956060606,27.1
183,2020-08-15 03:00:00,15801.819366929523,1,0,576170.1000000001,27.0
184,2020-08-15 04:00:00,16184.484315284724,1,0,576186.5006060606,26.8
185,2020-08-15 05:00:00,16400.16105185038,1,0,576205.1283333332,26.6
186,2020-08-15 06:00:00,16265.608941009566,1,0,576228.8316666667,26.6
187,2020-08-15 07:00:00,15881.053190968947,1,2,576252.0850000001,27.0
188,2020-08-15 08:00:00,15406.688697465986,1,2,576271.402909091,29.5
189,2020-08-15 09:00:00,14716.585609896736,1,2,576285.7916666667,31.5
190,2020-08-15 10:00:00,14194.78924506561,1,2,576299.2699999999,33.1
191,2020-08-15 11:00:00,13203.786797106459,1,2,576313.5316666667,33.5
192,2020-08-15 12:00:00,11919.357730168374,1,2,576328.7883333333,34.6
193,2020-08-15 13:00:00,10714.764939892048,1,3,576344.2048484847,32.5
194,2020-08-15 14:00:00,10292.546343576112,1,3,576360.3750000001,33.0
195,2020-08-15 15:00:00,10135.24494351255,1,3,576376.4850000001,34.6
196,2020-08-15 16:00:00,10208.298536564978,1,3,576392.3633333333,32.4
197,2020-08-15 17:00:00,10540.754448093743,1,3,576408.0327272727,29.3
198,2020-08-15 18:00:00,10891.786265534774,1,3,576424.2966666667,29.0
199,2020-08-15 19:00:00,11285.374196559196,1,4,576442.8350000001,28.7
200,2020-08-15 20:00:00,11679.632995352209,1,4,576461.9998484848,28.8
201,2020-08-15 21:00:00,12311.523968697515,1,4,576482.1783333332,28.7
202,2020-08-15 22:00:00,12854.026752311775,1,4,576503.4133333333,28.4
203,2020-08-15 23:00:00,13780.150613418995,1,4,576523.9733333333,28.7
204,2020-08-16 00:00:00,14704.127711684001,1,1,576542.8783333333,29.7
205,2020-08-16 01:00:00,15266.391853862446,1,0,576559.885,27.6
206,2020-08-16 02:00:00,15700.402942516987,1,0,576575.0181818182,27.4
207,2020-08-16 03:00:00,16252.344547275223,1,0,576590.785,27.1
208,2020-08-16 04:00:00,16711.388191305836,1,0,576608.1783333332,26.8
209,2020-08-16 05:00:00,16974.579571929527,1,0,576626.7357575757,26.7
210,2020-08-16 06:00:00,16999.025490044,1,0,576644.3433333334,26.6
211,2020-08-16 07:00:00,16750.171124712622,1,2,576661.5916666667,27.2
212,2020-08-16 08:00:00,16131.112029081287,1,2,576680.25,29.2
213,2020-08-16 09:00:00,15691.332370788028,1,2,576698.4283333335,30.9
214,2020-08-16 10:00:00,15089.26260105682,1,2,576716.1583333334,33.1
215,2020-08-16 11:00:00,14606.388532559831,1,2,576732.2454545455,33.0
216,2020-08-16 12:00:00,14026.347333930218,1,2,576742.8683333334,33.8
217,2020-08-16 13:00:00,13527.118982683765,1,3,576753.4957575757,33.4
218,2020-08-16 14:00:00,12866.875817808808,1,3,576764.645,34.4
219,2020-08-16 15:00:00,13001.927766049143,1,3,567439.135,34.3
220,2020-08-16 16:00:00,15192.386616842085,1,3,576789.7283333333,32.7
221,2020-08-16 17:00:00,17347.57997389453,1,3,576802.7746969697,29.3
222,2020-08-16 18:00:00,21161.788622330452,1,3,576815.4349999999,30.0
223,2020-08-16 19:00:00,27713.404738032932,1,4,576829.2783333333,30.4
224,2020-08-16 20:00:00,36686.97291985111,1,4,576843.7927272727,30.0
225,2020-08-16 21:00:00,46572.864586517775,1,4,576876.8616666666,30.0
226,2020-08-16 22:00:00,56715.0032228814,1,4,576915.1216666667,30.0
227,2020-08-16 23:00:00,64392.39131233206,1,4,576957.4324242424,30.0
228,2020-08-17 00:00:00,74814.38576944235,0,1,577024.9296969697,29.7
229,2020-08-17 01:00:00,88531.203275128,0,0,577124.34,29.4
230,2020-08-17 02:00:00,99797.9585399449,0,0,577242.0716666665,29.4
231,2020-08-17 03:00:00,109339.04958677685,0,0,577368.0516666665,28.9
232,2020-08-17 04:00:00,117470.38443526169,0,0,577480.4716666668,28.7
233,2020-08-17 05:00:00,120942.91363636362,0,0,577580.5854545453,28.5
234,2020-08-17 06:00:00,119449.655922865,0,0,577725.1553030304,28.3
235,2020-08-17 07:00:00,113408.72865013774,0,2,553129.6533333332,29.2
236,2020-08-17 08:00:00,105501.63168044074,0,2,578027.385,31.5
237,2020-08-17 09:00:00,96443.57603305782,0,2,578163.3583333333,31.0
238,2020-08-17 10:00:00,89653.09655647381,0,2,578275.3799999999,32.5
239,2020-08-17 11:00:00,79532.36019283746,0,2,578354.45,33.6
240,2020-08-17 12:00:00,66042.0373278237,0,2,578408.6583333333,33.3
241,2020-08-17 13:00:00,54117.06659779613,0,3,578449.0349999999,34.8
242,2020-08-17 14:00:00,42189.77021147301,0,3,578477.3727272728,34.8
243,2020-08-17 15:00:00,32551.8444214876,0,3,578499.6824242424,32.9
244,2020-08-17 16:00:00,28071.79552341597,0,3,578517.6266666666,31.8
245,2020-08-17 17:00:00,25748.31067493113,0,3,578532.3266666668,32.1
246,2020-08-17 18:00:00,26584.218663911837,0,3,578545.4866666666,31.2
247,2020-08-17 19:00:00,32088.206542699718,0,4,578558.8916666668,30.6
248,2020-08-17 20:00:00,42496.85006887051,0,4,578574.2133333335,30.4
249,2020-08-17 21:00:00,52844.753787878784,0,4,578606.7237878789,30.2
250,2020-08-17 22:00:00,63715.583677685936,0,4,578646.5583333332,30.0
251,2020-08-17 23:00:00,73709.19194214874,0,4,578688.7563636365,29.8
252,2020-08-18 00:00:00,85779.77630853993,0,1,578760.7849999999,30.4
253,2020-08-18 01:00:00,98446.68481607517,0,0,578881.55,29.6
254,2020-08-18 02:00:00,109749.22727272725,0,0,579024.8683333334,29.6
255,2020-08-18 03:00:00,118335.49738292012,0,0,579159.85,29.0
256,2020-08-18 04:00:00,125906.90041322313,0,0,579289.7200000001,29.1
257,2020-08-18 05:00:00,130655.453030303,0,0,579421.8950000001,29.3
258,2020-08-18 06:00:00,129394.91060606058,0,0,579577.0133333332,29.5
259,2020-08-18 07:00:00,122025.51515151512,0,2,579728.5200000001,30.1
260,2020-08-18 08:00:00,114188.54421487602,0,2,579861.6781818182,29.7
261,2020-08-18 09:00:00,105813.35785123966,0,2,579988.275,30.3
262,2020-08-18 10:00:00,97412.86542699725,0,2,580104.2566666666,29.8
263,2020-08-18 11:00:00,86404.98057851238,0,2,580197.0233333332,30.4
264,2020-08-18 12:00:00,74350.0639118457,0,2,580266.475,31.7
265,2020-08-18 13:00:00,62732.2825987144,0,3,580322.5256060606,34.4
266,2020-08-18 14:00:00,51907.381588613396,0,3,570956.9999999999,34.9
267,2020-08-18 15:00:00,42326.013911845715,0,3,580405.48,33.2
268,2020-08-18 16:00:00,36742.741184572995,0,3,580433.7433333334,33.2
269,2020-08-18 17:00:00,33252.09724517906,0,3,580454.6145454546,32.1
270,2020-08-18 18:00:00,33309.33319559228,0,3,580473.2483333334,31.6
271,2020-08-18 19:00:00,39226.22231404958,0,4,580490.1233333333,31.1
272,2020-08-18 20:00:00,48218.69049586776,0,4,580506.8700000001,30.6
273,2020-08-18 21:00:00,57437.827272727256,0,4,580536.54,30.4
274,2020-08-18 22:00:00,67702.03333333331,0,4,580581.2133333333,30.2
275,2020-08-18 23:00:00,77469.46666666665,0,4,580630.2500000001,30.4
276,2020-08-19 00:00:00,90180.35858585857,0,1,580716.9549999997,29.7
277,2020-08-19 01:00:00,103173.09444444442,0,0,580848.225,30.1
278,2020-08-19 02:00:00,115074.7833333333,0,0,580983.7161818182,29.8
279,2020-08-19 03:00:00,123035.63181818176,0,0,581113.9783333333,29.2
280,2020-08-19 04:00:00,130535.66212121208,0,0,581247.8733333333,28.8
281,2020-08-19 05:00:00,133811.95344352612,0,0,581390.5033333334,28.2
282,2020-08-19 06:00:00,128699.99655647378,0,0,581552.4633333333,27.9
283,2020-08-19 07:00:00,119321.89352617077,0,2,581708.1316666667,28.6
284,2020-08-19 08:00:00,110738.98911845725,0,2,581853.4616666668,31.0
285,2020-08-19 09:00:00,100865.82548209363,0,2,581980.0783333335,32.3
286,2020-08-19 10:00:00,91427.31184572999,0,2,582096.3883333334,33.6
287,2020-08-19 11:00:00,78640.71642725958,0,2,582169.8309090908,35.6
288,2020-08-19 12:00:00,65659.52174012852,0,2,582212.915,35.7
289,2020-08-19 13:00:00,53509.504363505155,0,3,582252.9704545455,36.3
290,2020-08-19 14:00:00,42781.073371769635,0,3,582287.1866666665,36.1
291,2020-08-19 15:00:00,33034.07511045519,0,3,582312.5016666666,35.3
292,2020-08-19 16:00:00,27708.196322576405,0,3,576886.0666666668,34.0
293,2020-08-19 17:00:00,25851.146391446928,0,3,582349.8121212121,32.9
294,2020-08-19 18:00:00,27655.26209392627,0,3,582366.9733333333,31.9
295,2020-08-19 19:00:00,34819.653967204504,0,4,582382.8622727273,31.1
296,2020-08-19 20:00:00,46849.76760356814,0,4,582397.9836363636,30.3
297,2020-08-19 21:00:00,58418.395840482735,0,4,582425.9933333334,30.0
298,2020-08-19 22:00:00,69322.5942892562,0,4,582463.2516666666,29.9
299,2020-08-19 23:00:00,78558.34200669028,0,4,582508.1719696969,29.6
300,2020-08-20 00:00:00,90463.96120149546,0,1,582590.095,30.0
301,2020-08-20 01:00:00,102980.5724962613,0,0,582739.1133333333,29.5
302,2020-08-20 02:00:00,114889.78508264461,0,0,582899.5825757575,29.4
303,2020-08-20 03:00:00,124283.67599173552,0,0,558083.1833333332,28.9
304,2020-08-20 04:00:00,132340.44644628098,0,0,583170.0283333333,28.5
305,2020-08-20 05:00:00,137161.44438016525,0,0,583295.116909091,28.0
306,2020-08-20 06:00:00,132402.47165289253,0,0,583445.2849999999,27.7
307,2020-08-20 07:00:00,121169.41104683196,0,2,583594.2271212122,28.3
308,2020-08-20 08:00:00,109852.46793388428,0,2,583740.2,31.0
309,2020-08-20 09:00:00,100151.05636363637,0,2,583876.7449999999,33.1
310,2020-08-20 10:00:00,92141.87303030302,0,2,583994.8466666667,34.5
311,2020-08-20 11:00:00,80147.0818181818,0,2,584089.85,35.2
312,2020-08-20 12:00:00,67949.92246109746,0,2,584136.74,35.7
313,2020-08-20 13:00:00,55830.99308688853,0,3,584168.3601515151,35.4
314,2020-08-20 14:00:00,44211.97148062318,0,3,584195.6981818182,35.7
315,2020-08-20 15:00:00,34300.92506887052,0,3,584226.0933333334,35.3
316,2020-08-20 16:00:00,27945.10758635304,0,3,584249.4466666665,34.2
317,2020-08-20 17:00:00,25502.185674931126,0,3,584265.3066666665,32.9
318,2020-08-20 18:00:00,27134.33939393939,0,3,584282.2466666667,32.2
319,2020-08-20 19:00:00,36558.30123966942,0,4,584295.4949999999,31.3
320,2020-08-20 20:00:00,49819.84311294765,0,4,584309.3566666667,30.9
321,2020-08-20 21:00:00,63515.76129476582,0,4,584340.5749999997,30.7
322,2020-08-20 22:00:00,77552.60674931128,0,4,584379.6460606061,30.6
323,2020-08-20 23:00:00,87787.17065185019,0,4,584422.2309090908,30.5
324,2020-08-21 00:00:00,97847.37192688556,0,1,584504.9633333333,29.3
325,2020-08-21 01:00:00,107384.10069568534,0,0,584670.4833333334,30.0
326,2020-08-21 02:00:00,117368.64710743801,0,0,584849.4299999999,29.5
327,2020-08-21 03:00:00,122092.71830896375,0,0,585030.2566666666,29.2
328,2020-08-21 04:00:00,125181.39931129475,0,0,585175.525,28.9
329,2020-08-21 05:00:00,126387.61377410467,0,0,585307.0607575758,28.9
330,2020-08-21 06:00:00,119448.31074380162,0,0,585431.7953030303,28.9
331,2020-08-21 07:00:00,107146.09559228648,0,2,585551.4033333333,29.6
332,2020-08-21 08:00:00,91940.5880165289,0,2,585661.3654545455,31.5
333,2020-08-21 09:00:00,77453.84461597407,0,2,585737.7916666665,33.4
334,2020-08-21 10:00:00,66512.39743929033,0,2,585806.7600000001,33.4
335,2020-08-21 11:00:00,55835.214731703265,0,2,585871.0449999999,32.8
336,2020-08-21 12:00:00,45887.63604371694,0,2,585916.47,33.2
337,2020-08-21 13:00:00,35120.44154062061,0,3,585945.4966666668,35.0
338,2020-08-21 14:00:00,27442.97900168305,0,3,585957.1233333333,34.8
339,2020-08-21 15:00:00,21681.2164709814,0,3,580491.4763636364,34.4
340,2020-08-21 16:00:00,16238.389623446792,0,3,585978.7583333332,32.9
341,2020-08-21 17:00:00,12096.615125745895,0,3,585990.7254545453,31.6
342,2020-08-21 18:00:00,9162.160677603222,0,3,586002.5983333334,30.5
343,2020-08-21 19:00:00,9021.155931027713,0,4,586016.2983333332,29.9
344,2020-08-21 20:00:00,10045.890774177522,0,4,586030.8550000001,29.5
345,2020-08-21 21:00:00,11227.065630991623,0,4,586046.0283333333,29.7
346,2020-08-21 22:00:00,13685.649991471253,0,4,586061.5466666665,29.7
347,2020-08-21 23:00:00,15510.111032074663,0,4,586076.2277272728,29.6
348,2020-08-22 00:00:00,16598.22991533629,1,1,586090.6333333334,27.3
349,2020-08-22 01:00:00,17398.167704962558,1,0,586107.72,28.6
350,2020-08-22 02:00:00,17833.95196293693,1,0,586126.5127272728,28.1
351,2020-08-22 03:00:00,18337.74208319881,1,0,586155.2316666667,27.0
352,2020-08-22 04:00:00,18832.24627786941,1,0,586189.4416666668,27.4
353,2020-08-22 05:00:00,19116.433892678746,1,0,586211.8751515152,26.3
354,2020-08-22 06:00:00,18829.942878923677,1,0,586230.0316666666,26.8
355,2020-08-22 07:00:00,17719.89851208629,1,2,586245.15,27.5
356,2020-08-22 08:00:00,16570.075438016524,1,2,586258.8633333333,28.8
357,2020-08-22 09:00:00,14151.290112258952,1,2,586273.3331818182,30.5
358,2020-08-22 10:00:00,12445.199089531678,1,2,586286.7949999998,32.2
359,2020-08-22 11:00:00,11430.955504820935,1,2,586298.8927272728,27.8
360,2020-08-22 12:00:00,10715.01521204897,1,2,586312.1559090909,30.0
361,2020-08-22 13:00:00,10323.394619762468,1,3,586326.6866666668,30.8
362,2020-08-22 14:00:00,9877.100267145386,1,3,586343.7416666667,29.2
363,2020-08-22 15:00:00,9398.058559156407,1,3,586361.1533333333,27.5
364,2020-08-22 16:00:00,9192.442367696352,1,3,586374.6183333334,26.5
365,2020-08-22 17:00:00,9203.564431057233,1,3,586387.6731351981,27.4
366,2020-08-22 18:00:00,9256.24086494153,1,3,586401.6059090911,27.4
367,2020-08-22 19:00:00,9322.96694758616,1,4,586417.0883333333,27.2
368,2020-08-22 20:00:00,9380.407565354753,1,4,586431.9527272728,27.0
369,2020-08-22 21:00:00,9517.240483398831,1,4,586447.8483333334,26.6
370,2020-08-22 22:00:00,10341.708718247315,1,4,586464.575,26.8
371,2020-08-22 23:00:00,10706.508647382918,1,4,580992.7133333335,26.7
372,2020-08-23 00:00:00,10977.562046831954,1,1,586496.2393939394,28.8
373,2020-08-23 01:00:00,11420.493066115698,1,0,586511.0266666666,27.1
374,2020-08-23 02:00:00,12212.54321487603,1,0,586524.4633333333,26.4
375,2020-08-23 03:00:00,12922.631845730024,1,0,586540.1516666667,26.4
376,2020-08-23 04:00:00,13571.343906336086,1,0,586556.6266666667,26.4
377,2020-08-23 05:00:00,14019.129396694212,1,0,586568.7563636365,26.2
378,2020-08-23 06:00:00,14293.146526170796,1,0,586581.3816666668,26.8
379,2020-08-23 07:00:00,14369.715173553717,1,2,586597.6715151515,27.3
380,2020-08-23 08:00:00,14543.545934802569,1,2,586615.01,28.8
381,2020-08-23 09:00:00,14072.649415977958,1,2,586631.3666666668,30.5
382,2020-08-23 10:00:00,13879.625084481173,1,2,586647.31,30.0
383,2020-08-23 11:00:00,13771.308789584149,1,2,586661.1433333333,31.0
384,2020-08-23 12:00:00,13451.03864817001,1,2,586672.9433333335,33.1
385,2020-08-23 13:00:00,12735.533988062441,1,3,586684.6266666667,32.4
386,2020-08-23 14:00:00,12149.2064483799,1,3,586697.9977272728,32.8
387,2020-08-23 15:00:00,12011.074614325065,1,3,586710.467878788,33.5
388,2020-08-23 16:00:00,14074.356523415976,1,3,586722.8716666668,33.6
389,2020-08-23 17:00:00,16100.059462809912,1,3,586737.9466666665,32.1
390,2020-08-23 18:00:00,19316.49929752066,1,3,586754.3733333334,31.7
391,2020-08-23 19:00:00,25876.305307621664,1,4,586769.9849999999,30.8
392,2020-08-23 20:00:00,34416.772493112934,1,4,586785.3583333333,30.3
393,2020-08-23 21:00:00,43547.05215794306,1,4,586814.0483333336,29.9
394,2020-08-23 22:00:00,54846.63361537451,1,4,586850.2216666666,29.6
395,2020-08-23 23:00:00,63569.2023022432,1,4,586887.0090909093,29.3
396,2020-08-24 00:00:00,74027.72488521578,0,1,586947.62,30.0
397,2020-08-24 01:00:00,84207.96488410576,0,0,587048.8333333335,28.7
398,2020-08-24 02:00:00,93836.28259694847,0,0,587160.6449999999,28.5
399,2020-08-24 03:00:00,102385.28273468952,0,0,587290.035,28.2
400,2020-08-24 04:00:00,109116.48046196224,0,0,587411.6466666667,28.0
401,2020-08-24 05:00:00,112125.98789997878,0,0,587526.1799999999,28.3
402,2020-08-24 06:00:00,110302.62522780246,0,0,587657.6596153846,27.8
403,2020-08-24 07:00:00,104312.26104047465,0,2,587776.1706060607,28.5
404,2020-08-24 08:00:00,96958.45801017163,0,2,587897.4654545455,29.9
405,2020-08-24 09:00:00,86775.5746768383,0,2,588015.6583333332,31.4
406,2020-08-24 10:00:00,79205.96861623223,0,2,588111.6216666667,32.7
407,2020-08-24 11:00:00,69164.85716105106,0,2,588186.0236363637,34.2
408,2020-08-24 12:00:00,59216.14701101926,0,2,588237.9143939393,36.2
409,2020-08-24 13:00:00,49373.943971392226,0,3,588274.3833333333,37.3
410,2020-08-24 14:00:00,38543.296113371456,0,3,588300.4916666666,37.6
411,2020-08-24 15:00:00,30005.680710108067,0,3,588324.26,36.5
412,2020-08-24 16:00:00,25980.54889192625,0,3,588344.4396969697,36.2
413,2020-08-24 17:00:00,22866.06836851027,0,3,588358.0890909091,34.0
414,2020-08-24 18:00:00,23449.82340983259,0,3,588373.1266666667,32.8
415,2020-08-24 19:00:00,29765.06431892349,0,4,588390.9533333335,32.2
416,2020-08-24 20:00:00,40076.73098559016,0,4,588410.75,31.4
417,2020-08-24 21:00:00,50588.92823076922,0,4,563270.095,31.1
418,2020-08-24 22:00:00,61867.797674931106,0,4,588470.7051515152,30.7
419,2020-08-24 23:00:00,72731.23975969483,0,4,588509.2525757576,30.1
420,2020-08-25 00:00:00,84581.21541004449,0,1,588579.1333333334,30.8
421,2020-08-25 01:00:00,96922.31464547572,0,0,588705.3533333333,29.7
422,2020-08-25 02:00:00,109575.47013138374,0,0,588839.0,29.5
423,2020-08-25 03:00:00,119282.99134350495,0,0,563782.9259090909,29.2
424,2020-08-25 04:00:00,128144.57847849118,0,0,589111.3233333335,29.1
425,2020-08-25 05:00:00,132729.90580631484,0,0,589249.8525641026,28.8
426,2020-08-25 06:00:00,129799.60663276115,0,0,589394.8216666669,28.9
427,2020-08-25 07:00:00,120982.47784488235,0,2,589550.8953030304,28.9
428,2020-08-25 08:00:00,111913.42908455178,0,2,589700.1033333334,30.9
429,2020-08-25 09:00:00,101938.61048951047,0,2,589840.27,33.0
430,2020-08-25 10:00:00,91959.14195858999,0,2,589954.4083333333,34.8
431,2020-08-25 11:00:00,80266.78164289992,0,2,590033.7545454545,36.6
432,2020-08-25 12:00:00,68003.60638568587,0,2,590085.1033333333,37.5
433,2020-08-25 13:00:00,55149.835282624874,0,3,590123.825,38.1
434,2020-08-25 14:00:00,43442.24092324863,0,3,590159.8583333333,37.7
435,2020-08-25 15:00:00,33340.59766963704,0,3,590185.4786363636,38.3
436,2020-08-25 16:00:00,27164.08201307139,0,3,590204.2633333333,37.7
437,2020-08-25 17:00:00,23999.96249975642,0,3,590218.9116666665,35.4
438,2020-08-25 18:00:00,25256.158964402886,0,3,590235.3750000001,33.9
439,2020-08-25 19:00:00,32034.389956138424,0,4,584727.38,32.7
440,2020-08-25 20:00:00,43009.15662280508,0,4,590271.3727272728,32.3
441,2020-08-25 21:00:00,55392.40848705891,0,4,590296.615,31.9
442,2020-08-25 22:00:00,67129.90679808694,0,4,590328.2016666668,31.7
443,2020-08-25 23:00:00,77341.45932802827,0,4,590370.445,31.3
444,2020-08-26 00:00:00,90735.74599582756,0,1,590450.2989393941,28.3
445,2020-08-26 01:00:00,103205.08085107159,0,0,590595.2566666666,30.6
446,2020-08-26 02:00:00,113719.16501377408,0,0,590750.1000000001,30.0
447,2020-08-26 03:00:00,124601.6038108356,0,0,590905.3616666666,29.7
448,2020-08-26 04:00:00,132915.62715970894,0,0,591038.2683333333,28.9
449,2020-08-26 05:00:00,136424.44887688066,0,0,591175.8781818182,28.3
450,2020-08-26 06:00:00,132823.8754609027,0,0,591328.8946969698,28.3
451,2020-08-26 07:00:00,123635.55121847846,0,2,591468.6224242424,28.6
452,2020-08-26 08:00:00,112180.53124602666,0,2,591611.6848484849,31.1
453,2020-08-26 09:00:00,101706.49502013136,0,2,591754.984871795,33.1
454,2020-08-26 10:00:00,92219.82577770713,0,2,588903.2133333335,34.4
455,2020-08-26 11:00:00,78790.03679699087,0,2,591948.5766666668,36.4
456,2020-08-26 12:00:00,66313.02438193117,0,2,592008.0883333333,36.0
457,2020-08-26 13:00:00,55471.261856678655,0,3,592044.9486363636,37.1
458,2020-08-26 14:00:00,42946.47679699087,0,3,592074.004090909,33.1
459,2020-08-26 15:00:00,33155.34971074379,0,3,592098.6783333335,28.5
460,2020-08-26 16:00:00,27769.598195592283,0,3,592116.2616666667,31.3
461,2020-08-26 17:00:00,24390.41698347107,0,3,592129.96,31.5
462,2020-08-26 18:00:00,25022.95125344352,0,3,592146.2816666666,31.2
463,2020-08-26 19:00:00,32041.00758953167,0,4,592164.7068181818,30.3
464,2020-08-26 20:00:00,44303.92866391183,0,4,592183.7550000001,29.7
465,2020-08-26 21:00:00,57810.037300275464,0,4,592210.8033333332,29.2
466,2020-08-26 22:00:00,70293.39184573,0,4,592245.125909091,28.9
467,2020-08-26 23:00:00,79873.81982552799,0,4,592286.3980303031,28.8
468,2020-08-27 00:00:00,90167.242840291,0,1,592363.095,26.1
469,2020-08-27 01:00:00,100950.48634456449,0,0,592508.8716666667,27.9
470,2020-08-27 02:00:00,111105.33769442675,0,0,592678.8090909091,27.7
471,2020-08-27 03:00:00,119308.5225429116,0,0,592841.7166666666,27.3
472,2020-08-27 04:00:00,125613.92648230554,0,0,592978.0000000001,27.3
473,2020-08-27 05:00:00,127058.56645475733,0,0,593099.2685897435,27.0
474,2020-08-27 06:00:00,123820.43615172704,0,0,593224.6108974359,27.2
475,2020-08-27 07:00:00,113965.82100021189,0,2,593349.7763636364,27.7
476,2020-08-27 08:00:00,101938.61948506038,0,2,593470.7933333333,29.9
477,2020-08-27 09:00:00,90297.32706081794,0,2,593592.181060606,32.1
478,2020-08-27 10:00:00,80803.77394310234,0,2,593679.6866666668,34.1
479,2020-08-27 11:00:00,70221.83886681499,0,2,593756.5449999999,34.3
480,2020-08-27 12:00:00,59319.96849385462,0,2,593818.0833333335,29.8
481,2020-08-27 13:00:00,48662.85179963974,0,3,593868.0533333332,26.6
482,2020-08-27 14:00:00,38441.880890548826,0,3,593898.1016666666,27.0
483,2020-08-27 15:00:00,29982.41346630641,0,3,593915.3414102563,25.7
484,2020-08-27 16:00:00,26514.55354895104,0,3,593926.7545454545,25.8
485,2020-08-27 17:00:00,22475.227791375284,0,3,593940.015,25.8
486,2020-08-27 18:00:00,21532.018700466197,0,3,593955.3568181818,25.5
487,2020-08-27 19:00:00,26754.76112470862,0,4,593970.825,25.7
488,2020-08-27 20:00:00,37015.02781892349,0,4,593985.8883333334,25.6
489,2020-08-27 21:00:00,47830.82515151514,0,4,594011.3109090911,25.8
490,2020-08-27 22:00:00,58797.74216253443,0,4,594042.6916666668,25.8
491,2020-08-27 23:00:00,67203.7294352617,0,4,594077.2516666667,25.9
492,2020-08-28 00:00:00,78311.05053719008,0,1,594143.8766666666,28.0
493,2020-08-28 01:00:00,87618.36841597797,0,0,594261.2127272728,26.0
494,2020-08-28 02:00:00,97482.6888705234,0,0,594389.94,25.8
495,2020-08-28 03:00:00,104901.05333333332,0,0,594526.2166666666,25.6
496,2020-08-28 04:00:00,109947.14988980716,0,0,594642.0149999999,25.5
497,2020-08-28 05:00:00,111600.64754820935,0,0,594758.945,25.6
498,2020-08-28 06:00:00,107711.6323966942,0,0,589004.7299999999,25.8
499,2020-08-28 07:00:00,97185.0838842975,0,2,595001.7816666666,26.5
500,2020-08-28 08:00:00,86086.25603047518,0,2,569688.3766666667,27.8
501,2020-08-28 09:00:00,74926.15980974516,0,2,595228.6418181818,30.2
502,2020-08-28 10:00:00,66607.02467716941,0,2,595299.5963636364,32.5
503,2020-08-28 11:00:00,55478.90628013085,0,2,595354.9983333333,33.3
504,2020-08-28 12:00:00,45989.50696022727,0,2,595389.4883333334,33.5
505,2020-08-28 13:00:00,35729.48780561294,0,3,595405.072121212,33.3
506,2020-08-28 14:00:00,26415.10653839531,0,3,595422.175,35.1
507,2020-08-28 15:00:00,19799.49807592975,0,3,595441.4433333332,32.7
508,2020-08-28 16:00:00,14911.680866907709,0,3,595459.0349999999,31.3
509,2020-08-28 17:00:00,11070.113864497242,0,3,595474.1033333333,29.3
510,2020-08-28 18:00:00,10204.267041150135,0,3,595491.7003030303,28.5
511,2020-08-28 19:00:00,11324.156733528465,0,4,595511.1527272727,28.8
512,2020-08-28 20:00:00,13537.009014864554,0,4,595532.9833333334,29.4
513,2020-08-28 21:00:00,15773.548692894854,0,4,595555.0281818181,29.3
514,2020-08-28 22:00:00,17811.606483872816,0,4,595577.4233333332,28.9
515,2020-08-28 23:00:00,19176.303875401743,0,4,595598.3116666665,28.5
516,2020-08-29 00:00:00,20608.438531181564,1,1,595617.4166666667,29.3
517,2020-08-29 01:00:00,21855.43191961132,1,0,595645.835,27.9
518,2020-08-29 02:00:00,23537.212007421236,1,0,595682.105,27.6
519,2020-08-29 03:00:00,25304.764891374405,1,0,595716.4316666665,27.7
520,2020-08-29 04:00:00,26185.58979834365,1,0,595745.7581818182,27.5
521,2020-08-29 05:00:00,26647.81977062882,1,0,595767.2896153847,27.2
522,2020-08-29 06:00:00,25605.466347345075,1,0,595792.4933333334,27.2
523,2020-08-29 07:00:00,23584.977005940695,1,2,595821.8550000001,27.9
524,2020-08-29 08:00:00,21208.88183654796,1,2,595852.345,29.9
525,2020-08-29 09:00:00,19052.073814373478,1,2,595877.4216666665,31.8
526,2020-08-29 10:00:00,18028.3854192527,1,2,595894.0000000001,32.1
527,2020-08-29 11:00:00,16934.318527469244,1,2,595907.7083333335,33.3
528,2020-08-29 12:00:00,15386.093831180302,1,2,595921.7866666667,30.7
529,2020-08-29 13:00:00,13433.167500057185,1,3,585300.9527272728,29.7
530,2020-08-29 14:00:00,12005.327412887771,1,3,595950.4016666667,29.2
531,2020-08-29 15:00:00,11413.450513598122,1,3,595966.19,29.8
532,2020-08-29 16:00:00,10945.179104241026,1,3,595981.575,30.1
533,2020-08-29 17:00:00,10809.407654010496,1,3,595997.2616666667,29.8
534,2020-08-29 18:00:00,10739.932712088192,1,3,596014.6966666668,29.6
535,2020-08-29 19:00:00,10737.772569380668,1,4,596034.3783333333,29.5
536,2020-08-29 20:00:00,11000.798660258744,1,4,596055.8633333333,29.8
537,2020-08-29 21:00:00,11214.579418527126,1,4,593098.5381818183,29.6
538,2020-08-29 22:00:00,11275.80926122453,1,4,596098.6539999999,29.4
539,2020-08-29 23:00:00,11483.500325889308,1,4,596117.56,29.2
540,2020-08-30 00:00:00,11653.147990582733,1,1,593157.7183333335,28.9
541,2020-08-30 01:00:00,11650.163949317714,1,0,596153.1466666667,29.2
542,2020-08-30 02:00:00,11697.636405199677,1,0,596169.485,28.9
543,2020-08-30 03:00:00,12093.28941427833,1,0,596186.3183333335,28.6
544,2020-08-30 04:00:00,12336.466995833689,1,0,596200.9266666665,28.5
545,2020-08-30 05:00:00,12317.7172752757,1,0,596214.525,28.4
546,2020-08-30 06:00:00,12230.268729991894,1,0,596228.2790909089,28.3
547,2020-08-30 07:00:00,11888.79478983815,1,2,596241.9833333334,29.2
548,2020-08-30 08:00:00,11381.690928804266,1,2,596256.4949999999,31.0
549,2020-08-30 09:00:00,11022.624027871647,1,2,596271.8515151516,33.0
550,2020-08-30 10:00:00,11056.718238830537,1,2,596287.4666666666,33.3
551,2020-08-30 11:00:00,11200.446620321289,1,2,596303.9478787878,34.0
552,2020-08-30 12:00:00,11100.438223201676,1,2,596319.6427272727,34.5
553,2020-08-30 13:00:00,10805.945268608695,1,3,596335.61,34.4
554,2020-08-30 14:00:00,10736.258301043606,1,3,596352.7295454547,34.5
555,2020-08-30 15:00:00,11331.918112614349,1,3,592793.1374545454,34.3
556,2020-08-30 16:00:00,13239.64575286266,1,3,596384.3949999999,33.6
557,2020-08-30 17:00:00,15329.268913670572,1,3,596401.8266666668,31.6
558,2020-08-30 18:00:00,18654.17132191726,1,3,596422.3116666668,30.7
559,2020-08-30 19:00:00,25196.91670410106,1,4,596444.2549999999,30.0
560,2020-08-30 20:00:00,33065.85515295423,1,4,590562.5400000003,29.7
561,2020-08-30 21:00:00,39540.61124028616,1,4,596491.4916666667,29.5
562,2020-08-30 22:00:00,46727.68232412317,1,4,596522.6874242424,29.3
563,2020-08-30 23:00:00,53263.04969816207,1,4,596558.0,29.0
564,2020-08-31 00:00:00,61106.79070675546,0,1,596616.7054545453,26.9
565,2020-08-31 01:00:00,68618.19474384275,0,0,596707.4616666667,28.7
566,2020-08-31 02:00:00,75199.11556473827,0,0,596796.3816666667,28.8
567,2020-08-31 03:00:00,80074.438292011,0,0,596883.1713636364,28.7
568,2020-08-31 04:00:00,83650.3517709563,0,0,596971.4683333335,28.7
569,2020-08-31 05:00:00,86127.20325280778,0,0,597064.0133333333,28.6
570,2020-08-31 06:00:00,84072.75614536974,0,0,597162.0916666666,27.0
571,2020-08-31 07:00:00,78250.53341809702,0,2,597256.7550000001,27.3
572,2020-08-31 08:00:00,72456.8569059164,0,2,597347.675,28.6
573,2020-08-31 09:00:00,65079.4955068995,0,2,597422.4092727273,31.7
574,2020-08-31 10:00:00,59083.426130785425,0,2,597490.7348717948,27.0
575,2020-08-31 11:00:00,52002.691656632116,0,2,597557.4716666667,31.3
576,2020-08-31 12:00:00,45117.15303040958,0,2,597600.405,30.1
577,2020-08-31 13:00:00,38443.62820732972,0,3,597627.4666666666,32.0
578,2020-08-31 14:00:00,32506.730648247438,0,3,597642.01,32.4
579,2020-08-31 15:00:00,28015.707976201815,0,3,597655.4466666665,31.1
580,2020-08-31 16:00:00,25101.385715129552,0,3,597674.5313636365,30.2
581,2020-08-31 17:00:00,22964.71450300834,0,3,597693.6268181818,29.1
582,2020-08-31 18:00:00,24387.007684826523,0,3,597713.6545454545,29.0
583,2020-08-31 19:00:00,29727.712984885944,0,4,597735.5216666666,28.8
584,2020-08-31 20:00:00,37780.11419106538,0,4,597759.5286363636,28.8
585,2020-08-31 21:00:00,45519.74417324006,0,4,591874.405,28.5
586,2020-08-31 22:00:00,53006.43622315094,0,4,597832.1983333335,28.1
587,2020-08-31 23:00:00,59393.18242513106,0,4,597870.5775757575,28.0
588,2020-09-01 00:00:00,66337.96027851396,0,1,597933.6,28.9
589,2020-09-01 01:00:00,74378.26252079182,0,0,598027.3533333333,26.7
590,2020-09-01 02:00:00,81609.44483471072,0,0,598128.9650000001,27.0
591,2020-09-01 03:00:00,88195.83422865011,0,0,591764.2436363635,27.0
592,2020-09-01 04:00:00,94633.89524793386,0,0,598319.9183333336,26.8
593,2020-09-01 05:00:00,98451.18305785122,0,0,598414.8333333335,26.3
594,2020-09-01 06:00:00,96578.51639118456,0,0,598515.2283333333,26.0
595,2020-09-01 07:00:00,91156.12410468317,0,2,592696.4757575758,26.9
596,2020-09-01 08:00:00,84866.20991735536,0,2,598727.1483333333,26.4
597,2020-09-01 09:00:00,77255.9644628099,0,2,598841.7963636364,27.4
598,2020-09-01 10:00:00,71406.1932506887,0,2,598941.7518181817,29.4
599,2020-09-01 11:00:00,64969.85840220384,0,2,599014.4033333333,29.9
600,2020-09-01 12:00:00,56468.66568870522,0,2,592935.4163636364,31.4
601,2020-09-01 13:00:00,48264.83082856536,0,3,599095.4112121211,33.6
602,2020-09-01 14:00:00,39123.62390715344,0,3,599119.2766666666,33.3
603,2020-09-01 15:00:00,31592.66441815759,0,3,599138.695,34.2
604,2020-09-01 16:00:00,26682.420341022604,0,3,599165.8383333333,34.0
605,2020-09-01 17:00:00,24268.82791678018,0,3,593568.2316666667,32.6
606,2020-09-01 18:00:00,24970.84203523748,0,3,599197.1783333332,31.8
607,2020-09-01 19:00:00,30056.67743468652,0,4,599209.3,31.0
608,2020-09-01 20:00:00,38424.694101353176,0,4,599224.0748484847,30.6
609,2020-09-01 21:00:00,46072.04864680773,0,4,599255.667878788,30.0
610,2020-09-01 22:00:00,54431.98349529257,0,4,599287.5016666667,29.7
611,2020-09-01 23:00:00,62182.252104107996,0,4,599325.169090909,29.3
612,2020-09-02 00:00:00,73192.64054551507,0,1,599391.11,29.0
613,2020-09-02 01:00:00,84882.67322450275,0,0,599496.275,28.2
614,2020-09-02 02:00:00,94025.4959366391,0,0,599608.5983333334,27.5
615,2020-09-02 03:00:00,101639.84084022036,0,0,599721.7666666666,27.8
616,2020-09-02 04:00:00,108100.85750688703,0,0,599831.4275757575,27.7
617,2020-09-02 05:00:00,110782.75840220384,0,0,599943.4472727273,27.5
618,2020-09-02 06:00:00,108008.00863530407,0,0,600080.4233333332,27.6
619,2020-09-02 07:00:00,101135.2616656071,0,2,600213.1833333332,27.3
620,2020-09-02 08:00:00,93974.12530197074,0,2,600335.9299999999,29.4
621,2020-09-02 09:00:00,85296.7059542037,0,2,600451.8733333333,31.9
622,2020-09-02 10:00:00,77602.83297278904,0,2,600539.9866666667,34.5
623,2020-09-02 11:00:00,66670.88157788184,0,2,600610.537948718,35.9
624,2020-09-02 12:00:00,54938.156683978676,0,2,600653.9966666667,37.1
625,2020-09-02 13:00:00,44929.406170387236,0,3,590850.0266666667,37.1
626,2020-09-02 14:00:00,35374.31199303035,0,3,600712.449090909,36.8
627,2020-09-02 15:00:00,27886.399458624375,0,3,600728.7283333333,37.2
628,2020-09-02 16:00:00,23192.476380474458,0,3,575089.8583333334,36.3
629,2020-09-02 17:00:00,20324.436195221115,0,3,600757.12,34.8
630,2020-09-02 18:00:00,21775.289638747283,0,3,600773.0825757575,33.5
631,2020-09-02 19:00:00,27096.62751753516,0,4,600790.1383333334,32.2
632,2020-09-02 20:00:00,36716.619592574934,0,4,600808.28,32.1
633,2020-09-02 21:00:00,46836.818056083255,0,4,600833.33,30.6
634,2020-09-02 22:00:00,57186.276475783845,0,4,600859.0983333333,29.5
635,2020-09-02 23:00:00,65539.95894544458,0,4,600893.530909091,29.4
636,2020-09-03 00:00:00,76621.91551964208,0,1,600962.2333333333,27.9
637,2020-09-03 01:00:00,88364.5930303323,0,0,601074.6683333333,28.6
638,2020-09-03 02:00:00,99477.50859504129,0,0,601203.8400000001,28.4
639,2020-09-03 03:00:00,109822.98277511958,0,0,601331.1449999999,28.4
640,2020-09-03 04:00:00,118326.49090909088,0,0,601447.7016666668,28.0
641,2020-09-03 05:00:00,122243.77245179062,0,0,601569.365,27.7
642,2020-09-03 06:00:00,121137.58002754817,0,0,601712.4716666666,27.8
643,2020-09-03 07:00:00,115032.82699724517,0,2,601857.2633333334,28.3
644,2020-09-03 08:00:00,106036.65881542697,0,2,601993.8072727274,29.6
645,2020-09-03 09:00:00,96067.88002754819,0,2,602120.7133333333,28.5
646,2020-09-03 10:00:00,88022.23608815426,0,2,602225.6954545457,27.1
647,2020-09-03 11:00:00,76963.94410258712,0,2,602312.9166666667,26.2
648,2020-09-03 12:00:00,64971.8115717451,0,2,602381.3883333333,26.3
649,2020-09-03 13:00:00,53010.38957809318,0,3,602425.7833333334,29.2
650,2020-09-03 14:00:00,41347.69143759731,0,3,602445.0316666665,31.4
651,2020-09-03 15:00:00,31941.405702778768,0,3,602460.5,32.1
652,2020-09-03 16:00:00,26360.160413522568,0,3,602475.1327272727,31.7
653,2020-09-03 17:00:00,22037.33132261348,0,3,602487.7145454546,30.3
654,2020-09-03 18:00:00,21186.752534734696,0,3,602501.5283333331,29.5
655,2020-09-03 19:00:00,28622.975262007418,0,4,602516.7216666667,29.1
656,2020-09-03 20:00:00,40834.14647412863,0,4,602532.9892424243,28.8
657,2020-09-03 21:00:00,52983.91300305425,0,4,602561.095,28.7
658,2020-09-03 22:00:00,64947.73983710622,0,4,602590.2183333334,28.4
659,2020-09-03 23:00:00,73934.2996406755,0,4,602625.015,28.2
660,2020-09-04 00:00:00,84787.2670888729,0,1,602700.8733333333,27.6
661,2020-09-04 01:00:00,95585.8141274404,0,0,602839.6016666666,27.7
662,2020-09-04 02:00:00,104901.25289256196,0,0,602985.0436363637,27.2
663,2020-09-04 03:00:00,110801.55713498621,0,0,603128.6983333335,26.8
664,2020-09-04 04:00:00,115033.13622589529,0,0,603256.44,26.6
665,2020-09-04 05:00:00,116465.73842975205,0,0,603377.2066666667,26.2
666,2020-09-04 06:00:00,111271.31041322312,0,0,603509.8416666667,26.1
667,2020-09-04 07:00:00,99792.25738292008,0,2,603633.5666666668,26.8
668,2020-09-04 08:00:00,87425.11869218499,0,2,603744.3383333333,28.7
669,2020-09-04 09:00:00,75318.83409018413,0,2,603832.3333333333,30.5
670,2020-09-04 10:00:00,66364.34517471363,0,2,603905.9254545454,31.7
671,2020-09-04 11:00:00,55704.636243294175,0,2,603961.6658181818,33.6
672,2020-09-04 12:00:00,44988.34062925909,0,2,603995.7200000001,33.0
673,2020-09-04 13:00:00,35204.80461360011,0,3,604014.7783333333,32.9
674,2020-09-04 14:00:00,27426.881226620266,0,3,604027.2481818183,32.9
675,2020-09-04 15:00:00,21427.719678120913,0,3,604038.9816666667,32.2
676,2020-09-04 16:00:00,16488.17561548499,0,3,604050.7283333334,31.8
677,2020-09-04 17:00:00,12738.551674641147,0,3,604061.9560606062,29.8
678,2020-09-04 18:00:00,11397.916891402056,0,3,604074.5433333332,29.3
679,2020-09-04 19:00:00,11209.851033387371,0,4,604089.8266666668,28.8
680,2020-09-04 20:00:00,11441.828538099568,0,4,604106.1763636362,28.5
681,2020-09-04 21:00:00,12155.746885615063,0,4,604120.8833333332,28.1
682,2020-09-04 22:00:00,12671.880177404688,0,4,604135.6683333336,27.9
683,2020-09-04 23:00:00,12769.145005738454,0,4,604150.1266666667,27.8
684,2020-09-05 00:00:00,12717.539974777566,1,1,604162.5886363636,26.7
685,2020-09-05 01:00:00,12728.276753156437,1,0,604175.1333333334,27.3
686,2020-09-05 02:00:00,12819.793826925588,1,0,604192.6116666668,27.1
687,2020-09-05 03:00:00,12938.29452045338,1,0,604210.6016666666,26.9
688,2020-09-05 04:00:00,13100.795664322834,1,0,604227.0033333334,26.2
689,2020-09-05 05:00:00,13186.505335401262,1,0,604239.9854545455,25.9
690,2020-09-05 06:00:00,13153.961162038275,1,0,604252.6033333333,25.8
691,2020-09-05 07:00:00,12702.250885939753,1,2,604266.13,26.4
692,2020-09-05 08:00:00,11906.758388417316,1,2,604279.6150000001,28.9
693,2020-09-05 09:00:00,11258.75791510757,1,2,604293.1469696969,28.7
694,2020-09-05 10:00:00,10873.675479294616,1,2,604306.7299999999,29.4
695,2020-09-05 11:00:00,10629.226113180875,1,2,604321.5666666668,30.4
696,2020-09-05 12:00:00,10632.852693586501,1,2,604337.2283333333,33.0
697,2020-09-05 13:00:00,10551.869039811098,1,3,604352.7528787878,33.7
698,2020-09-05 14:00:00,10290.052180148017,1,3,604369.4012121211,33.4
699,2020-09-05 15:00:00,10029.346890509807,1,3,604384.6716666669,32.6
700,2020-09-05 16:00:00,9988.08503384037,1,3,604401.7133333333,31.6
701,2020-09-05 17:00:00,9932.264224971277,1,3,604421.6216666666,29.9
702,2020-09-05 18:00:00,9822.411692090773,1,3,604443.4500000001,29.2
703,2020-09-05 19:00:00,9784.289781293302,1,4,604464.3748484848,28.8
704,2020-09-05 20:00:00,9715.609787344707,1,4,604487.5700000001,28.5
705,2020-09-05 21:00:00,9789.73365014542,1,4,604509.505909091,28.1
706,2020-09-05 22:00:00,10021.367686544465,1,4,604528.5236363637,28.1
707,2020-09-05 23:00:00,10059.185381390327,1,4,604546.3383333335,27.6
708,2020-09-06 00:00:00,10191.213719102096,1,1,604563.89,24.6
709,2020-09-06 01:00:00,10817.422812114974,1,0,604580.5366666667,26.2
710,2020-09-06 02:00:00,11331.395910724375,1,0,604596.3066666668,25.6
711,2020-09-06 03:00:00,11615.4755726141,1,0,604612.610909091,25.3
712,2020-09-06 04:00:00,11929.405627456272,1,0,604626.6666666667,26.4
713,2020-09-06 05:00:00,12456.234968985682,1,0,604640.8816666666,25.7
714,2020-09-06 06:00:00,12592.730702836345,1,0,604656.3533333333,25.7
715,2020-09-06 07:00:00,12577.801052148763,1,2,604672.4127272728,26.3
716,2020-09-06 08:00:00,13265.08283510475,1,2,604686.135,28.1
717,2020-09-06 09:00:00,13759.241442707213,1,2,604700.1416666666,29.3
718,2020-09-06 10:00:00,13982.604774370922,1,2,604713.8430303031,29.4
719,2020-09-06 11:00:00,13872.159325248624,1,2,604727.0066666668,31.4
720,2020-09-06 12:00:00,13519.059754210371,1,2,604738.9516666668,32.2
721,2020-09-06 13:00:00,13238.718853064276,1,3,604753.2416666667,32.4
722,2020-09-06 14:00:00,12975.563215224416,1,3,604770.8766666667,32.1
723,2020-09-06 15:00:00,13215.952350300835,1,3,604785.7612121212,31.9
724,2020-09-06 16:00:00,14625.509581705794,1,3,601514.9083636361,31.5
725,2020-09-06 17:00:00,16345.468256213102,1,3,599138.3933333333,29.2
726,2020-09-06 18:00:00,20332.16427019912,1,3,604834.4733333332,28.5
727,2020-09-06 19:00:00,26902.274876259722,1,4,604855.3150000001,27.9
728,2020-09-06 20:00:00,35051.2061160662,1,4,604875.6883333332,27.1
729,2020-09-06 21:00:00,43566.63649516245,1,4,604901.0616666668,26.1
730,2020-09-06 22:00:00,52401.36203810888,1,4,604931.0087878787,25.6
731,2020-09-06 23:00:00,60304.272662260846,1,4,604970.0806060606,25.0
732,2020-09-07 00:00:00,69417.10262854512,0,1,605045.3783333332,28.6
733,2020-09-07 01:00:00,79417.43678544657,0,0,605143.5527272727,24.1
734,2020-09-07 02:00:00,87450.42817334179,0,0,605246.6440909092,23.9
735,2020-09-07 03:00:00,93890.34169315532,0,0,605354.29,23.7
736,2020-09-07 04:00:00,99810.82529137528,0,0,605461.9200000003,23.4
737,2020-09-07 05:00:00,100951.14423606693,0,0,605566.5283333334,23.3
738,2020-09-07 06:00:00,97482.8396906124,0,0,605683.98,23.3
739,2020-09-07 07:00:00,90264.82123331213,0,2,605796.2633333334,24.2
740,2020-09-07 08:00:00,82667.58046196228,0,2,605901.3360256411,26.0
741,2020-09-07 09:00:00,74646.75015893196,0,2,605999.2133333335,27.9
742,2020-09-07 10:00:00,66960.5334922653,0,2,606079.1531818182,30.8
743,2020-09-07 11:00:00,57976.16196587503,0,2,606136.4666666667,33.7
744,2020-09-07 12:00:00,48165.81475059031,0,2,606174.5871212122,34.3
745,2020-09-07 13:00:00,39844.1645383026,0,3,606201.5016666667,35.6
746,2020-09-07 14:00:00,31848.685985037686,0,3,606223.4283333335,34.4
747,2020-09-07 15:00:00,24606.98513380558,0,3,606240.985,34.4
748,2020-09-07 16:00:00,21457.201387249108,0,3,606255.2983333332,33.3
749,2020-09-07 17:00:00,19882.376134723854,0,3,606270.385,31.2
750,2020-09-07 18:00:00,22047.16213105076,0,3,606286.3149999997,29.9
751,2020-09-07 19:00:00,29064.001221959858,0,4,606303.7436363635,29.3
752,2020-09-07 20:00:00,38055.70673160172,0,4,580453.2283333335,29.1
753,2020-09-07 21:00:00,47524.13551948052,0,4,600341.4199999999,28.8
754,2020-09-07 22:00:00,58719.42949766141,0,4,600687.92,29.0
755,2020-09-07 23:00:00,68960.56004627947,0,4,606422.71,29.0
756,2020-09-08 00:00:00,81373.68601614292,0,1,606497.5510000002,27.4
757,2020-09-08 01:00:00,92299.30402692004,0,0,606612.9156060606,28.2
758,2020-09-08 02:00:00,101168.19578724305,0,0,606729.1699999999,27.7
759,2020-09-08 03:00:00,106766.55639330365,0,0,606853.2236363636,27.4
760,2020-09-08 04:00:00,112412.35327117326,0,0,606980.4833333334,27.1
761,2020-09-08 05:00:00,115385.83104895103,0,0,607117.5183333333,26.9
762,2020-09-08 06:00:00,111550.8692307692,0,0,607265.4518298368,26.5
763,2020-09-08 07:00:00,103164.98314261493,0,2,607386.6866666665,26.7
764,2020-09-08 08:00:00,94264.67997457087,0,2,607491.6783333332,28.3
765,2020-09-08 09:00:00,84054.79540156812,0,2,607588.01,30.2
766,2020-09-08 10:00:00,74253.07909825283,0,2,607679.6083333333,32.4
767,2020-09-08 11:00:00,61715.916297834854,0,2,607749.635,34.3
768,2020-09-08 12:00:00,50864.69232782368,0,2,607790.0727272729,35.3
769,2020-09-08 13:00:00,41800.82364792121,0,3,607813.1677272727,34.2
770,2020-09-08 14:00:00,34373.26310571757,0,3,607834.5666666668,32.5
771,2020-09-08 15:00:00,27228.455096418726,0,3,607855.6362121212,30.9
772,2020-09-08 16:00:00,22498.926239669418,0,3,607870.6383333334,31.0
773,2020-09-08 17:00:00,20252.37030532598,0,3,607884.1933333332,29.1
774,2020-09-08 18:00:00,22348.706531221298,0,3,607901.2233333333,29.6
775,2020-09-08 19:00:00,29591.035456841135,0,4,581989.3516666666,29.3
776,2020-09-08 20:00:00,38806.694547750216,0,4,607938.0833333333,29.2
777,2020-09-08 21:00:00,49176.40479045943,0,4,597076.621090909,28.3
778,2020-09-08 22:00:00,60242.60092421074,0,4,607994.6333333332,28.3
779,2020-09-08 23:00:00,68699.40676538106,0,4,608034.580151515,27.7
780,2020-09-09 00:00:00,80597.81635437444,0,1,608110.9066666667,26.6
781,2020-09-09 01:00:00,92931.62111145412,0,0,608228.8666666667,27.1
782,2020-09-09 02:00:00,104801.0862832874,0,0,608361.6066666667,26.8
783,2020-09-09 03:00:00,114890.4757460973,0,0,608496.2360606061,27.0
784,2020-09-09 04:00:00,122043.12561983468,0,0,608619.5083333334,26.7
785,2020-09-09 05:00:00,124179.09201101925,0,0,608745.3583333334,26.6
786,2020-09-09 06:00:00,119036.91625344352,0,0,608886.3763636363,27.0
787,2020-09-09 07:00:00,110601.78856749309,0,2,609030.1666666665,28.0
788,2020-09-09 08:00:00,101820.13347107437,0,2,609177.9633333335,29.3
789,2020-09-09 09:00:00,92131.08044077131,0,2,609309.3133333332,30.6
790,2020-09-09 10:00:00,84037.84820936636,0,2,609401.2292424244,31.3
791,2020-09-09 11:00:00,72170.72825987141,0,2,609460.7316666667,34.1
792,2020-09-09 12:00:00,60316.94528236914,0,2,609497.635757576,35.1
793,2020-09-09 13:00:00,48169.94827635863,0,3,609531.9175757576,33.0
794,2020-09-09 14:00:00,36242.80814550462,0,3,609561.85,34.1
795,2020-09-09 15:00:00,27572.0104182319,0,3,609582.969090909,33.5
796,2020-09-09 16:00:00,25668.443511206286,0,3,609598.1733333332,34.0
797,2020-09-09 17:00:00,25900.965480903258,0,3,609613.2166666666,31.4
798,2020-09-09 18:00:00,28481.98256079306,0,3,609630.2677272728,29.2
799,2020-09-09 19:00:00,36124.13118338259,0,4,609643.7000000001,27.1
800,2020-09-09 20:00:00,47076.211486412896,0,4,609656.03,27.1
801,2020-09-09 21:00:00,58747.696748120885,0,4,,27.1
802,2020-09-09 22:00:00,70597.5636673128,0,4,609745.3150000001,27.0
803,2020-09-09 23:00:00,78575.43879357542,0,4,609782.0833333333,26.8
804,2020-09-10 00:00:00,90407.29186019202,0,1,609863.9472727273,26.7
805,2020-09-10 01:00:00,102732.77593043994,0,0,610000.0766666668,26.6
806,2020-09-10 02:00:00,115033.64335468237,0,0,610147.7949999999,26.3
807,2020-09-10 03:00:00,122752.27307162531,0,0,610295.275,26.4
808,2020-09-10 04:00:00,127315.5141873278,0,0,610421.0683333331,26.3
809,2020-09-10 05:00:00,128426.30509641873,0,0,610545.4883333334,25.8
810,2020-09-10 06:00:00,123213.02975206608,0,0,610693.1866666668,25.9
811,2020-09-10 07:00:00,113629.16790633608,0,2,610844.1733333332,26.4
812,2020-09-10 08:00:00,103198.51942148758,0,2,610992.6666666665,27.3
813,2020-09-10 09:00:00,91804.65730027547,0,2,611107.8545454545,27.7
814,2020-09-10 10:00:00,83583.69811466942,0,2,611188.415,28.4
815,2020-09-10 11:00:00,71306.88351149241,0,2,611259.4500000001,29.3
816,2020-09-10 12:00:00,58957.49807196786,0,2,611310.2477272728,29.9
817,2020-09-10 13:00:00,46132.08203879127,0,3,611348.1599999999,31.0
818,2020-09-10 14:00:00,34564.98389681112,0,3,611372.7383333334,31.7
819,2020-09-10 15:00:00,26926.636973572073,0,3,611389.4216666665,33.2
820,2020-09-10 16:00:00,22638.11879175389,0,3,611404.2221794872,31.9
821,2020-09-10 17:00:00,19343.441951927052,0,3,611422.3016666665,31.1
822,2020-09-10 18:00:00,19573.26431516987,0,3,611441.249090909,30.2
823,2020-09-10 19:00:00,26214.961284866833,0,4,611460.5633333335,27.2
824,2020-09-10 20:00:00,37052.34007274562,0,4,611480.7833333333,27.1
825,2020-09-10 21:00:00,48349.44912061063,0,4,611503.1183333332,26.7
826,2020-09-10 22:00:00,60124.71545932482,0,4,611528.6616666667,26.8
827,2020-09-10 23:00:00,69591.85998975846,0,4,611560.5321212122,26.6
828,2020-09-11 00:00:00,82400.38814414717,0,1,611631.2666666666,28.3
829,2020-09-11 01:00:00,95262.31204370309,0,0,611761.1783333335,26.3
830,2020-09-11 02:00:00,107368.29436639117,0,0,611903.156060606,26.3
831,2020-09-11 03:00:00,116491.9686088154,0,0,612038.3474545453,26.5
832,2020-09-11 04:00:00,122306.25302439982,0,0,612161.9833333332,26.2
833,2020-09-11 05:00:00,123128.36977961431,0,0,612295.4316666668,26.3
834,2020-09-11 06:00:00,116910.35077134983,0,0,612452.54,26.2
835,2020-09-11 07:00:00,105780.37935887802,0,2,612603.0066666668,26.9
836,2020-09-11 08:00:00,94310.1235313443,0,2,612743.328030303,27.5
837,2020-09-11 09:00:00,82520.78486743246,0,2,612855.7266666666,28.6
838,2020-09-11 10:00:00,72906.59692122396,0,2,612924.5133333332,31.2
839,2020-09-11 11:00:00,59932.079169302844,0,2,612965.7318181818,31.9
840,2020-09-11 12:00:00,47027.33767227516,0,2,612990.9487878786,34.3
841,2020-09-11 13:00:00,34609.34061195908,0,3,613004.9816666666,35.2
842,2020-09-11 14:00:00,23985.553139869768,0,3,613018.3516666667,33.7
843,2020-09-11 15:00:00,16746.763969215863,0,3,613032.8783333333,31.8
844,2020-09-11 16:00:00,12794.289697793505,0,3,613047.7833333333,32.6
845,2020-09-11 17:00:00,10444.122879611688,0,3,613064.4133333334,32.4
846,2020-09-11 18:00:00,9822.534720530663,0,3,613083.0183333333,31.8
847,2020-09-11 19:00:00,9964.078236914598,0,4,613102.6833333335,30.8
848,2020-09-11 20:00:00,10611.130761925473,0,4,613123.2472727273,30.3
849,2020-09-11 21:00:00,10992.12688197767,0,4,613144.2190909091,29.6
850,2020-09-11 22:00:00,11212.310570900388,0,4,613167.5566666668,29.1
851,2020-09-11 23:00:00,11335.140540814846,0,4,613188.7633333331,28.9
852,2020-09-12 00:00:00,11755.22592503987,1,1,613207.3116666668,26.9
853,2020-09-12 01:00:00,12076.752639553424,1,0,613224.6924242425,28.4
854,2020-09-12 02:00:00,12429.426935624184,1,0,613240.3416666667,27.9
855,2020-09-12 03:00:00,12827.768096998692,1,0,613254.4016666667,27.7
856,2020-09-12 04:00:00,13131.996496956217,1,0,613266.9533333335,27.4
857,2020-09-12 05:00:00,13232.701747687805,1,0,613279.390909091,27.4
858,2020-09-12 06:00:00,12876.440969047573,1,0,613293.4199999998,27.4
859,2020-09-12 07:00:00,12215.004535652362,1,2,613307.051060606,27.8
860,2020-09-12 08:00:00,11805.371855215675,1,2,613324.365,29.6
861,2020-09-12 09:00:00,11536.53181312246,1,2,613340.7516666667,30.9
862,2020-09-12 10:00:00,11334.896796662595,1,2,613355.9766666668,32.0
863,2020-09-12 11:00:00,10882.277025676976,1,2,613372.0599999999,32.5
864,2020-09-12 12:00:00,10580.102818846151,1,2,613387.8742424243,31.5
865,2020-09-12 13:00:00,10231.339817753418,1,3,613404.2133333335,31.8
866,2020-09-12 14:00:00,9811.397595401531,1,3,613420.2963636365,31.7
867,2020-09-12 15:00:00,9535.75358262896,1,3,613435.4166666667,29.5
868,2020-09-12 16:00:00,9514.976658188938,1,3,613447.0883333331,29.0
869,2020-09-12 17:00:00,9641.435985212704,1,3,587310.7433333333,28.3
870,2020-09-12 18:00:00,9770.398256830258,1,3,613474.5383333333,28.0
871,2020-09-12 19:00:00,10060.188955135265,1,4,613489.8233333335,26.8
872,2020-09-12 20:00:00,10334.219539095393,1,4,613504.6904545454,27.0
873,2020-09-12 21:00:00,10570.507439417808,1,4,613520.4087878788,26.8
874,2020-09-12 22:00:00,10888.457429882908,1,4,613536.475,26.8
875,2020-09-12 23:00:00,11156.855359165524,1,4,613551.2181818181,27.0
876,2020-09-13 00:00:00,11387.657287871712,1,1,613565.1966666668,26.9
877,2020-09-13 01:00:00,11744.462458425718,1,0,613579.4366666668,27.0
878,2020-09-13 02:00:00,12007.915051268312,1,0,613593.1483333332,27.1
879,2020-09-13 03:00:00,12045.315959064032,1,0,613606.1816666668,26.6
880,2020-09-13 04:00:00,11972.015379543773,1,0,613619.9183333333,26.5
881,2020-09-13 05:00:00,12066.457555960296,1,0,613633.6883333332,26.4
882,2020-09-13 06:00:00,11997.106734673307,1,0,613647.3799999999,26.4
883,2020-09-13 07:00:00,11804.511923209364,1,2,613661.3116666665,26.6
884,2020-09-13 08:00:00,11691.59218758584,1,2,613674.4527272725,27.0
885,2020-09-13 09:00:00,11587.937263294361,1,2,613686.8425757575,27.3
886,2020-09-13 10:00:00,11767.919010496376,1,2,613699.7616666667,27.6
887,2020-09-13 11:00:00,11949.892077603618,1,2,613714.0483333332,26.6
888,2020-09-13 12:00:00,11764.724713209082,1,2,613726.865,26.4
889,2020-09-13 13:00:00,11653.774247356161,1,3,613737.9799999999,29.9
890,2020-09-13 14:00:00,12001.706784119671,1,3,607669.1266666667,30.3
891,2020-09-13 15:00:00,13123.334457944926,1,3,613762.2433333334,29.6
892,2020-09-13 16:00:00,14912.926604245597,1,3,613778.1753030303,29.7
893,2020-09-13 17:00:00,16489.22790048723,1,3,607157.3181818181,29.3
894,2020-09-13 18:00:00,19516.045434184598,1,3,613805.6716666665,28.5
895,2020-09-13 19:00:00,26124.120782755774,1,4,613821.6366666667,27.8
896,2020-09-13 20:00:00,34661.21776971942,1,4,613840.7816666667,27.7
897,2020-09-13 21:00:00,41826.62911824744,1,4,613870.1199999999,27.6
898,2020-09-13 22:00:00,48850.551695079586,1,4,613900.05,27.6
899,2020-09-13 23:00:00,55174.08743068624,1,4,613933.865909091,27.2
900,2020-09-14 00:00:00,62813.47379529949,0,1,613996.6849999999,28.3
901,2020-09-14 01:00:00,70980.37752946203,0,0,587926.5716666665,26.8
902,2020-09-14 02:00:00,77509.67797202794,0,0,614193.6909090908,26.6
903,2020-09-14 03:00:00,82691.29766899765,0,0,614280.945,26.6
904,2020-09-14 04:00:00,86681.43403263402,0,0,614370.5280303031,26.6
905,2020-09-14 05:00:00,87977.38058910785,0,0,614456.3506060606,26.4
906,2020-09-14 06:00:00,85132.1960712015,0,0,614559.3873776223,26.3
907,2020-09-14 07:00:00,78122.67940453484,0,2,614660.3733333333,26.6
908,2020-09-14 08:00:00,70947.82031362577,0,2,614752.3016666665,28.9
909,2020-09-14 09:00:00,64015.37720067809,0,2,614835.4450000001,30.7
910,2020-09-14 10:00:00,58633.371415554124,0,2,614901.1,31.1
911,2020-09-14 11:00:00,51571.32185357066,0,2,614952.41,33.8
912,2020-09-14 12:00:00,43246.60746556473,0,2,614990.1466666666,31.0
913,2020-09-14 13:00:00,35831.508889807155,0,3,615012.0866666667,32.0
914,2020-09-14 14:00:00,29327.263374655646,0,3,615026.7242424244,33.0
915,2020-09-14 15:00:00,24809.68756198347,0,3,615044.1933333335,33.0
916,2020-09-14 16:00:00,22724.587561983462,0,3,615066.384848485,32.5
917,2020-09-14 17:00:00,21296.005413223134,0,3,615082.3633333334,31.3
918,2020-09-14 18:00:00,23526.280413223136,0,3,615097.4816666667,30.0
919,2020-09-14 19:00:00,30311.820739563456,0,4,615113.5901515151,29.7
920,2020-09-14 20:00:00,38778.1426403899,0,4,615133.426060606,29.4
921,2020-09-14 21:00:00,47405.52748887475,0,4,615164.1883333332,29.1
922,2020-09-14 22:00:00,57103.132422759045,0,4,615198.3966666667,28.9
923,2020-09-14 23:00:00,65927.75671752488,0,4,615240.0646153847,28.7
924,2020-09-15 00:00:00,75320.79620237337,0,1,615310.1707692307,28.7
925,2020-09-15 01:00:00,84792.6932326764,0,0,615413.9733333334,27.7
926,2020-09-15 02:00:00,91834.81904534857,0,0,615526.6116666667,27.7
927,2020-09-15 03:00:00,98081.89480292433,0,0,615647.6516666666,27.3
928,2020-09-15 04:00:00,103435.06904534857,0,0,615761.9218181815,26.9
929,2020-09-15 05:00:00,106596.43192413646,0,0,615869.5333333333,27.0
930,2020-09-15 06:00:00,103048.18553719007,0,0,615993.9400000001,26.7
931,2020-09-15 07:00:00,96292.84311294764,0,2,616097.87,27.2
932,2020-09-15 08:00:00,88089.35165289255,0,2,616202.9183333332,28.4
933,2020-09-15 09:00:00,78373.08509445099,0,2,616302.6916666668,31.3
934,2020-09-15 10:00:00,69986.44038256463,0,2,616399.4600000001,33.3
935,2020-09-15 11:00:00,60852.176638674115,0,2,616467.6916666668,34.3
936,2020-09-15 12:00:00,51030.40560055095,0,2,616508.9883333333,34.7
937,2020-09-15 13:00:00,43107.79835910423,0,3,609874.3127272727,34.1
938,2020-09-15 14:00:00,35194.780671909706,0,3,610767.675,34.1
939,2020-09-15 15:00:00,28644.047500983852,0,3,610467.0666666668,33.5
940,2020-09-15 16:00:00,23073.25055096418,0,3,606441.1966666668,32.3
941,2020-09-15 17:00:00,21053.581983471067,0,3,616613.5033333333,30.5
942,2020-09-15 18:00:00,21993.699063360877,0,3,616633.8516666666,29.9
943,2020-09-15 19:00:00,27665.110220385664,0,4,616654.12,29.7
944,2020-09-15 20:00:00,37679.641930342375,0,4,616676.2116666666,29.8
945,2020-09-15 21:00:00,48253.17383231137,0,4,616701.5816666667,30.0
946,2020-09-15 22:00:00,58903.6890913534,0,4,616727.3765454546,29.8
947,2020-09-15 23:00:00,67442.72679614324,0,4,616760.875,29.3
948,2020-09-16 00:00:00,77584.6585554963,0,1,616825.8033333332,29.1
949,2020-09-16 01:00:00,87647.8141214787,0,0,616942.8233333332,28.7
950,2020-09-16 02:00:00,96406.8118929555,0,0,617075.23,28.4
951,2020-09-16 03:00:00,103674.85925619831,0,0,617210.5866666667,28.0
952,2020-09-16 04:00:00,110073.385399449,0,0,617330.955,27.4
953,2020-09-16 05:00:00,112231.8592286501,0,0,617449.3099999999,27.2
954,2020-09-16 06:00:00,108497.04710743797,0,0,617577.0349999999,27.1
955,2020-09-16 07:00:00,99505.13953168041,0,2,617695.9545454546,27.7
956,2020-09-16 08:00:00,89586.77438016525,0,2,617805.1877272727,29.9
957,2020-09-16 09:00:00,79144.79407713497,0,2,617909.1216666667,31.5
958,2020-09-16 10:00:00,70970.13044077132,0,2,617990.1200000001,33.6
959,2020-09-16 11:00:00,61048.02651306451,0,2,618050.5283333333,35.1
960,2020-09-16 12:00:00,50626.44097587444,0,2,618086.3866666667,35.4
961,2020-09-16 13:00:00,41083.94180232071,0,3,618116.065,33.3
962,2020-09-16 14:00:00,32539.778992403357,0,3,618135.7566666666,34.6
963,2020-09-16 15:00:00,25174.23770069844,0,3,618152.8899999999,32.1
964,2020-09-16 16:00:00,21733.426819155742,0,3,618169.5672727271,31.4
965,2020-09-16 17:00:00,20469.992246152982,0,3,618184.7566666666,30.9
966,2020-09-16 18:00:00,23420.222549183287,0,3,618202.385,30.7
967,2020-09-16 19:00:00,30810.81648857722,0,4,618221.46,30.3
968,2020-09-16 20:00:00,43158.81883017501,0,4,591905.3833333333,30.1
969,2020-09-16 21:00:00,54756.80257673148,0,4,618266.4583333333,30.0
970,2020-09-16 22:00:00,66442.13956228955,0,4,618296.9983333333,29.8
971,2020-09-16 23:00:00,76542.71449341901,0,4,618343.9216666665,29.6
972,2020-09-17 00:00:00,88006.41421793692,0,1,618422.6633333333,29.3
973,2020-09-17 01:00:00,98324.34782675235,0,0,618556.0763636364,28.9
974,2020-09-17 02:00:00,109191.91639118454,0,0,618700.4804545455,28.5
975,2020-09-17 03:00:00,117130.50454545452,0,0,618847.495,28.1
976,2020-09-17 04:00:00,124263.23760330577,0,0,618980.3516666667,27.8
977,2020-09-17 05:00:00,125471.47355371898,0,0,619113.6716666667,27.4
978,2020-09-17 06:00:00,122093.3962809917,0,0,619244.0583333332,27.6
979,2020-09-17 07:00:00,113173.09090909088,0,2,619377.1516666666,27.9
980,2020-09-17 08:00:00,102462.57534435259,0,2,619505.6283333333,29.8
981,2020-09-17 09:00:00,90799.57428148511,0,2,619621.5798484847,32.4
982,2020-09-17 10:00:00,80560.54470964735,0,2,619714.0818181818,34.3
983,2020-09-17 11:00:00,68929.56462522098,0,2,619787.1001515151,35.2
984,2020-09-17 12:00:00,58654.95900524923,0,2,619847.5316666665,34.9
985,2020-09-17 13:00:00,47479.208258295286,0,3,593489.3883333333,34.8
986,2020-09-17 14:00:00,38124.91899592943,0,3,619911.18,36.4
987,2020-09-17 15:00:00,29521.35074124327,0,3,619924.7916666665,36.0
988,2020-09-17 16:00:00,25519.629942345196,0,3,619938.0333333334,35.4
989,2020-09-17 17:00:00,21819.544680637213,0,3,619953.4828787878,32.6
990,2020-09-17 18:00:00,21000.31437760691,0,3,619969.5392424243,31.5
991,2020-09-17 19:00:00,26548.282697166134,0,4,619986.6762121212,31.1
992,2020-09-17 20:00:00,35790.83362229257,0,4,620005.0833333333,30.9
993,2020-09-17 21:00:00,44909.71167897883,0,4,620030.2383333333,30.6
994,2020-09-17 22:00:00,54425.52922896993,0,4,609830.593030303,30.2
995,2020-09-17 23:00:00,63273.90303075987,0,4,620094.0383333333,29.7
996,2020-09-18 00:00:00,73480.3081854273,0,1,620162.13530303,29.1
997,2020-09-18 01:00:00,85748.93229627801,0,0,610040.5083333333,28.9
998,2020-09-18 02:00:00,95625.4662534435,0,0,610153.34,28.7
999,2020-09-18 03:00:00,101616.47988980713,0,0,620495.669090909,28.4
1000,2020-09-18 04:00:00,105765.07878787877,0,0,620606.1416666666,28.0
1001,2020-09-18 05:00:00,106638.13705234157,0,0,620725.1104545456,27.7
1002,2020-09-18 06:00:00,102222.15716253442,0,0,620864.8716666667,27.4
1003,2020-09-18 07:00:00,93545.32978879705,0,2,621008.7434848484,28.1
1004,2020-09-18 08:00:00,84625.77704990406,0,2,621120.9433333331,30.7
1005,2020-09-18 09:00:00,74827.06134966898,0,2,621206.7583333333,32.9
1006,2020-09-18 10:00:00,65960.08786243599,0,2,611484.2477272727,35.1
1007,2020-09-18 11:00:00,55641.35755239239,0,2,621321.3136363637,36.2
1008,2020-09-18 12:00:00,42922.77386306438,0,2,621349.8979999998,35.1
1009,2020-09-18 13:00:00,32298.61709748225,0,3,621367.4616666668,36.2
1010,2020-09-18 14:00:00,24656.04441818044,0,3,621381.6666666665,35.3
1011,2020-09-18 15:00:00,19107.802243891732,0,3,615560.2400000001,29.5
1012,2020-09-18 16:00:00,14832.990979423312,0,3,621413.3371212122,29.8
1013,2020-09-18 17:00:00,12164.438035243502,0,3,621431.1516666667,29.8
1014,2020-09-18 18:00:00,11077.455779731523,0,3,621451.655,29.7
1015,2020-09-18 19:00:00,11051.968249885364,0,4,621474.7816666665,29.7
1016,2020-09-18 20:00:00,11403.825147898477,0,4,621498.2283333333,29.5
1017,2020-09-18 21:00:00,11711.9528743256,0,4,621518.4636363636,29.3
1018,2020-09-18 22:00:00,12041.558350654339,0,4,611282.6383333333,29.0
1019,2020-09-18 23:00:00,12491.942821473436,0,4,621557.2983333336,29.1
1020,2020-09-19 00:00:00,12831.47746446884,1,1,621574.2775757576,28.3
1021,2020-09-19 01:00:00,12978.88293926868,1,0,621587.6766666665,28.9
1022,2020-09-19 02:00:00,13509.728873972132,1,0,621602.5359090908,28.9
1023,2020-09-19 03:00:00,14587.943742711364,1,0,621618.0083333333,28.6
1024,2020-09-19 04:00:00,15179.17556201531,1,0,621632.9933333334,28.1
1025,2020-09-19 05:00:00,15536.636651291707,1,0,621647.0766666664,28.1
1026,2020-09-19 06:00:00,15467.455510415337,1,0,621660.5745454546,27.9
1027,2020-09-19 07:00:00,15291.383194314118,1,2,621675.9149999999,28.1
1028,2020-09-19 08:00:00,14873.251444538073,1,2,621696.8533333333,29.8
1029,2020-09-19 09:00:00,14671.795030704185,1,2,621714.8316666667,32.3
1030,2020-09-19 10:00:00,14679.134327818076,1,2,621730.5233333334,33.8
1031,2020-09-19 11:00:00,14954.303444339708,1,2,621742.3900000001,32.8
1032,2020-09-19 12:00:00,14768.471333051395,1,2,621752.8816666666,34.7
1033,2020-09-19 13:00:00,13975.95329698344,1,3,621763.0524242424,34.4
1034,2020-09-19 14:00:00,12988.869035020167,1,3,621774.6996969696,33.5
1035,2020-09-19 15:00:00,12441.675876506826,1,3,621787.4992727272,32.8
1036,2020-09-19 16:00:00,12105.529873720952,1,3,621803.2766666666,32.1
1037,2020-09-19 17:00:00,12056.08575606545,1,3,621816.7083333335,31.0
1038,2020-09-19 18:00:00,12137.975403927774,1,3,621828.8016666665,30.7
1039,2020-09-19 19:00:00,12430.054023418745,1,4,621841.6633333334,29.7
1040,2020-09-19 20:00:00,12433.228914400523,1,4,621854.9966666668,29.0
1041,2020-09-19 21:00:00,12916.45485751992,1,4,621868.0472727272,28.7
1042,2020-09-19 22:00:00,12981.454390322491,1,4,621881.6,28.3
1043,2020-09-19 23:00:00,13391.628809488695,1,4,621894.1656060606,28.1
1044,2020-09-20 00:00:00,13969.536365707238,1,1,610712.3272727274,25.7
1045,2020-09-20 01:00:00,15173.311568601763,1,0,621917.9810606061,27.7
1046,2020-09-20 02:00:00,15794.4523212288,1,0,621933.5566666665,27.5
1047,2020-09-20 03:00:00,16701.627901636853,1,0,621949.3383333333,27.2
1048,2020-09-20 04:00:00,17330.981445436784,1,0,621965.6183333333,27.1
1049,2020-09-20 05:00:00,17932.842268514723,1,0,621980.2533333333,27.5
1050,2020-09-20 06:00:00,18048.311100998217,1,0,621998.7450000001,26.6
1051,2020-09-20 07:00:00,17831.207524004978,1,2,622018.8316666667,26.8
1052,2020-09-20 08:00:00,16967.146047735154,1,2,622034.8360606062,26.5
1053,2020-09-20 09:00:00,16294.960694227302,1,2,622052.630909091,27.1
1054,2020-09-20 10:00:00,15708.639066787215,1,2,622068.0333333333,27.8
1055,2020-09-20 11:00:00,15209.988921191492,1,2,622084.2557575756,29.1
1056,2020-09-20 12:00:00,13988.81867014447,1,2,616244.4666666666,31.9
1057,2020-09-20 13:00:00,13432.227803539297,1,3,622109.95,29.1
1058,2020-09-20 14:00:00,12972.54009573314,1,3,622123.7677272728,26.6
1059,2020-09-20 15:00:00,13421.590122533433,1,3,622138.0799999997,26.8
1060,2020-09-20 16:00:00,14451.672698291011,1,3,622151.8633333333,27.1
1061,2020-09-20 17:00:00,15555.131544777263,1,3,622166.635,26.9
1062,2020-09-20 18:00:00,18523.202222139116,1,3,622183.2836363636,26.6
1063,2020-09-20 19:00:00,24246.527979714876,1,4,622200.9333333332,26.4
1064,2020-09-20 20:00:00,31745.93292218773,1,4,622221.0666666668,26.5
1065,2020-09-20 21:00:00,41911.863330549415,1,4,622249.5116666667,26.3
1066,2020-09-20 22:00:00,49690.392096406256,1,4,622277.8883333333,26.2
1067,2020-09-20 23:00:00,56920.314083242956,1,4,622311.2366666667,25.7
1068,2020-09-21 00:00:00,64731.135505403676,0,1,622370.8733333333,26.0
1069,2020-09-21 01:00:00,73055.79988905924,0,0,622453.6783333332,26.0
1070,2020-09-21 02:00:00,79753.80123966941,0,0,622561.4616666667,26.1
1071,2020-09-21 03:00:00,86194.79214876032,0,0,622665.1166666666,26.2
1072,2020-09-21 04:00:00,91183.11639118457,0,0,622759.7266666666,26.3
1073,2020-09-21 05:00:00,92292.86198347106,0,0,622852.9933333334,26.2
1074,2020-09-21 06:00:00,90168.37258953167,0,0,622958.7083333333,26.1
1075,2020-09-21 07:00:00,86537.53681198263,0,2,623064.9527272728,26.5
1076,2020-09-21 08:00:00,80172.47018043911,0,2,623161.7933333333,27.2
1077,2020-09-21 09:00:00,73420.77303422875,0,2,623258.0833333333,27.3
1078,2020-09-21 10:00:00,66296.98771084566,0,2,623325.7951515153,27.1
1079,2020-09-21 11:00:00,58728.35076638139,0,2,623362.808,28.3
1080,2020-09-21 12:00:00,50151.004864312774,0,2,,30.3
1081,2020-09-21 13:00:00,42530.99609714384,0,3,,29.4
1082,2020-09-21 14:00:00,34713.1487072988,0,3,623389.1019444446,30.9
1083,2020-09-21 15:00:00,28884.98474773603,0,3,623401.8333333333,31.0
1084,2020-09-21 16:00:00,25999.039706413714,0,3,623416.6133333334,28.9
1085,2020-09-21 17:00:00,23503.26780028954,0,3,617250.5966666667,27.9
1086,2020-09-21 18:00:00,22499.292834036918,0,3,623450.55,27.3
1087,2020-09-21 19:00:00,24579.316490373825,0,4,623470.8616666666,27.0
1088,2020-09-21 20:00:00,31849.37809939411,0,4,623491.7527272727,26.8
1089,2020-09-21 21:00:00,40392.72884977444,0,4,623513.2622727272,26.8
1090,2020-09-21 22:00:00,48142.00146916985,0,4,623537.4459557108,26.5
1091,2020-09-21 23:00:00,56498.326985563515,0,4,623565.5756060607,26.3
1092,2020-09-22 00:00:00,67415.17211636882,0,1,623621.7183333334,25.7
1093,2020-09-22 01:00:00,77617.15132439569,0,0,623713.665,25.8
1094,2020-09-22 02:00:00,86666.38869993642,0,0,623822.3322727272,25.5
1095,2020-09-22 03:00:00,94110.09723988132,0,0,623925.1069696968,25.1
1096,2020-09-22 04:00:00,99636.60550964184,0,0,624027.331060606,24.8
1097,2020-09-22 05:00:00,100668.99283746554,0,0,624146.605,24.7
1098,2020-09-22 06:00:00,97415.08071625342,0,0,597715.2400000001,24.5
1099,2020-09-22 07:00:00,90173.92162534434,0,2,624398.1018181818,25.3
1100,2020-09-22 08:00:00,81955.71859672107,0,2,624506.4983333334,27.9
1101,2020-09-22 09:00:00,73867.2477608681,0,2,624607.5383333333,28.3
1102,2020-09-22 10:00:00,65374.27421050862,0,2,624674.6287878788,30.5
1103,2020-09-22 11:00:00,54173.4688117315,0,2,624718.1849999999,31.3
1104,2020-09-22 12:00:00,43470.24492541825,0,2,624749.0299999999,31.7
1105,2020-09-22 13:00:00,33612.904275011744,0,3,624767.965,30.5
1106,2020-09-22 14:00:00,24805.29011120069,0,3,624782.9866666667,30.4
1107,2020-09-22 15:00:00,18646.42166901834,0,3,624798.86,30.3
1108,2020-09-22 16:00:00,15891.545332930185,0,3,624816.0454545454,28.8
1109,2020-09-22 17:00:00,14204.288616676742,0,3,624834.9783333333,27.3
1110,2020-09-22 18:00:00,15471.509189679495,0,3,624854.5328787878,26.7
1111,2020-09-22 19:00:00,20604.396791305513,0,4,624874.495,26.5
1112,2020-09-22 20:00:00,27865.084431566207,0,4,624895.8912121211,26.1
1113,2020-09-22 21:00:00,35082.40715547939,0,4,624916.9309090909,26.1
1114,2020-09-22 22:00:00,42762.23225122622,0,4,624938.5725757575,25.8
1115,2020-09-22 23:00:00,49880.53492541825,0,4,624965.5765151515,25.6
1116,2020-09-23 00:00:00,58783.73397802861,0,1,625019.0316666666,26.2
1117,2020-09-23 01:00:00,67722.93299032452,0,0,625099.1927272727,25.5
1118,2020-09-23 02:00:00,74758.7544628099,0,0,625185.7783333333,25.3
1119,2020-09-23 03:00:00,80375.33424242423,0,0,625281.3333333335,24.9
1120,2020-09-23 04:00:00,85067.37429201101,0,0,625373.085,24.7
1121,2020-09-23 05:00:00,86723.60674931128,0,0,625471.305,24.7
1122,2020-09-23 06:00:00,84237.38223140493,0,0,625582.5283333332,24.6
1123,2020-09-23 07:00:00,78403.66763085398,0,2,625682.0066666667,24.7
1124,2020-09-23 08:00:00,71419.76192254714,0,2,625771.2963636362,27.4
1125,2020-09-23 09:00:00,63780.74724566406,0,2,625852.975,29.2
1126,2020-09-23 10:00:00,56723.482137799234,0,2,625915.1454545455,30.0
1127,2020-09-23 11:00:00,47848.53514385208,0,2,625961.7639393939,31.3
1128,2020-09-23 12:00:00,38914.653233519566,0,2,625995.8583333333,31.4
1129,2020-09-23 13:00:00,31398.059134074418,0,3,626017.3183333335,32.2
1130,2020-09-23 14:00:00,24662.50339357078,0,3,626033.0699999997,32.9
1131,2020-09-23 15:00:00,19272.718252767285,0,3,626049.3333333333,31.9
1132,2020-09-23 16:00:00,16279.416805256467,0,3,626065.7799999999,29.6
1133,2020-09-23 17:00:00,14107.447194374927,0,3,626083.0066666667,28.0
1134,2020-09-23 18:00:00,14920.752678190353,0,3,626101.5233333333,27.2
1135,2020-09-23 19:00:00,20679.90081073962,0,4,626121.8109090909,27.0
1136,2020-09-23 20:00:00,28227.31562536375,0,4,626142.125909091,26.9
1137,2020-09-23 21:00:00,35770.9140665619,0,4,626162.9966666667,26.7
1138,2020-09-23 22:00:00,43166.879793291424,0,4,626183.7133333333,26.5
1139,2020-09-23 23:00:00,49400.46382483606,0,4,626209.754090909,26.5
1140,2020-09-24 00:00:00,56658.191257614555,0,1,626265.3066666665,22.7
1141,2020-09-24 01:00:00,63602.20484935784,0,0,626352.5748484847,26.1
1142,2020-09-24 02:00:00,69807.05968713104,0,0,626444.4183333332,25.9
1143,2020-09-24 03:00:00,75013.7980492424,0,0,626539.4343939393,25.8
1144,2020-09-24 04:00:00,79482.69121384296,0,0,626618.3296363635,25.9
1145,2020-09-24 05:00:00,82254.71148760329,0,0,626702.1433333333,25.9
1146,2020-09-24 06:00:00,80048.01520661154,0,0,626790.9416666668,26.0
1147,2020-09-24 07:00:00,75115.25170798897,0,2,626875.2766666666,26.2
1148,2020-09-24 08:00:00,68614.67526170798,0,2,626957.3172727271,26.5
1149,2020-09-24 09:00:00,61462.81385215794,0,2,627033.9546969696,25.8
1150,2020-09-24 10:00:00,55295.65388323797,0,2,627102.875,25.9
1151,2020-09-24 11:00:00,47987.79584127992,0,2,627162.9174242425,26.3
1152,2020-09-24 12:00:00,41061.24112747521,0,2,627208.5153030304,27.1
1153,2020-09-24 13:00:00,34519.189612323695,0,3,627238.8236363637,26.1
1154,2020-09-24 14:00:00,28243.61734418779,0,3,627253.2683333334,25.2
1155,2020-09-24 15:00:00,23329.27678200026,0,3,627268.3036363637,24.6
1156,2020-09-24 16:00:00,19585.265851264332,0,3,627281.4850000001,24.4
1157,2020-09-24 17:00:00,16805.677752090778,0,3,627294.912051282,24.2
1158,2020-09-24 18:00:00,16554.747498253706,0,3,627308.5716666665,24.1
1159,2020-09-24 19:00:00,21237.698186958936,0,4,600642.0816666667,23.9
1160,2020-09-24 20:00:00,27279.566483561324,0,4,627340.0766666664,23.6
1161,2020-09-24 21:00:00,34735.36827066311,0,4,627361.975,23.4
1162,2020-09-24 22:00:00,42922.06184981123,0,4,627383.4258181818,23.0
1163,2020-09-24 23:00:00,49041.286260585635,0,4,627411.125,22.8
1164,2020-09-25 00:00:00,57054.81050300988,0,1,627464.72,24.9
1165,2020-09-25 01:00:00,64966.38525048463,0,0,627543.8672727273,22.4
1166,2020-09-25 02:00:00,72367.04261707987,0,0,627631.7216666667,22.6
1167,2020-09-25 03:00:00,78926.50657811883,0,0,627727.2209090911,22.2
1168,2020-09-25 04:00:00,83924.26823101139,0,0,627818.98,22.2
1169,2020-09-25 05:00:00,85438.81184573002,0,0,627905.135,21.8
1170,2020-09-25 06:00:00,81665.66942148759,0,0,628004.5183333333,21.9
1171,2020-09-25 07:00:00,76140.34986225894,0,2,628095.7072727273,22.0
1172,2020-09-25 08:00:00,68947.83486225894,0,2,628188.2066666664,22.1
1173,2020-09-25 09:00:00,60904.68205234158,0,2,628278.9099999999,23.6
1174,2020-09-25 10:00:00,54677.198553719,0,2,628344.7016666664,24.6
1175,2020-09-25 11:00:00,46534.47661432506,0,2,628385.7483333333,24.3
1176,2020-09-25 12:00:00,38503.30691735536,0,2,628409.557051282,24.7
1177,2020-09-25 13:00:00,30481.76038016528,0,3,628426.7150000001,25.3
1178,2020-09-25 14:00:00,22444.417168044074,0,3,628439.8033333332,25.1
1179,2020-09-25 15:00:00,16688.29790541781,0,3,628453.2112121212,24.8
1180,2020-09-25 16:00:00,13964.748456382,0,3,628466.249090909,25.1
1181,2020-09-25 17:00:00,13130.331789715334,0,3,628478.2866666667,24.9
1182,2020-09-25 18:00:00,14100.856032139574,0,3,628492.165,25.0
1183,2020-09-25 19:00:00,17617.378607897153,0,4,628506.5283333333,25.1
1184,2020-09-25 20:00:00,22438.43513682277,0,4,628521.4066666666,25.1
1185,2020-09-25 21:00:00,27784.807891643704,0,4,628542.8086363636,25.2
1186,2020-09-25 22:00:00,32845.728315886125,0,4,628565.2733333333,25.2
1187,2020-09-25 23:00:00,37026.894844811744,0,4,628589.4016666667,24.8
1188,2020-09-26 00:00:00,41532.8512993572,1,1,628629.6866666665,21.7
1189,2020-09-26 01:00:00,45869.69754178145,1,0,628686.6781818183,24.9
1190,2020-09-26 02:00:00,49829.18898071624,1,0,628749.8345454546,24.5
1191,2020-09-26 03:00:00,53444.27479338842,1,0,628817.6099999999,23.1
1192,2020-09-26 04:00:00,55469.52024793388,1,0,628878.9725757575,22.8
1193,2020-09-26 05:00:00,56233.48278236913,1,0,628935.7233333334,22.8
1194,2020-09-26 06:00:00,53590.68758309377,1,0,628993.2816666666,23.0
1195,2020-09-26 07:00:00,48978.49599143777,1,2,629050.2931818182,23.5
1196,2020-09-26 08:00:00,43722.651160747555,1,2,623182.1883333335,23.5
1197,2020-09-26 09:00:00,38790.31052903967,1,2,629167.4366666668,23.3
1198,2020-09-26 10:00:00,34676.109220281025,1,2,629207.34,23.8
1199,2020-09-26 11:00:00,30200.463625656226,1,2,629236.2300000001,24.5
1200,2020-09-26 12:00:00,25998.557216239642,1,2,629254.4433333331,25.0
1201,2020-09-26 13:00:00,21604.585997540908,1,3,629271.9983333333,25.4
1202,2020-09-26 14:00:00,16698.231038863225,1,3,629293.7983333336,25.8
1203,2020-09-26 15:00:00,13487.828566101904,1,3,629314.1416666667,25.7
1204,2020-09-26 16:00:00,10889.425471386263,1,3,629332.7516666666,25.9
1205,2020-09-26 17:00:00,9647.755521484776,1,3,629352.1900000001,24.3
1206,2020-09-26 18:00:00,9201.254757987566,1,3,629373.0816666664,23.9
1207,2020-09-26 19:00:00,9136.910371002514,1,4,629394.6527272727,24.3
1208,2020-09-26 20:00:00,9201.249495515844,1,4,629416.845,24.0
1209,2020-09-26 21:00:00,9426.159832150388,1,4,629439.7316666667,23.7
1210,2020-09-26 22:00:00,10342.675218883178,1,4,629462.3580303031,23.0
1211,2020-09-26 23:00:00,10888.93288079491,1,4,629483.595,22.3
1212,2020-09-27 00:00:00,10994.937329769577,1,1,629503.6806060607,21.9
1213,2020-09-27 01:00:00,11016.978167235142,1,0,629520.9316666665,21.8
1214,2020-09-27 02:00:00,11003.601260960198,1,0,629535.7142424242,21.8
1215,2020-09-27 03:00:00,11230.277035639467,1,0,629552.5171794872,21.2
1216,2020-09-27 04:00:00,11456.952810318735,1,0,629569.6963636365,21.3
1217,2020-09-27 05:00:00,11683.628584998003,1,0,629584.1177272726,21.1
1218,2020-09-27 06:00:00,11910.304359677271,1,0,629598.5033333333,21.4
1219,2020-09-27 07:00:00,12136.980134356538,1,2,629614.3133333332,21.2
